
######## START [clippy-workspace] 12:55:15 ########
+ env SPUR_REMOTE=1 ./scripts/spur-cargo clippy --workspace -- -D warnings
[spur-cargo] remote (clippy) → aws VM
[build] Worktree: spur/worktrees/s3-verify  (local=/Volumes/Projects/spur/.spur/worktrees/s3-verify)
[build] Remote:   ~/spur/worktrees/s3-verify   target=/mnt/cargo/targets/spur/worktrees/s3-verify   -j16
[build] Remote build queue: admitted as ticket 166 (slot 1/3).
[build] VM spur-builder missing — spinning a fresh one...
[build] Launching spot m7gd.4xlarge in ap-northeast-1d (ami=ami-0725817735ef292c0 subnet=subnet-084556618a7dd1c2e sg=sg-056a0dc02772781fa)...
[build] Launched i-0ad691031bc443436; waiting for running + SSM online + startup-script...
[build] Waiting for SSM agent to come online on i-0ad691031bc443436...
[build] Waiting for SSH-over-SSM on i-0ad691031bc443436...
[build] Waiting for startup-script to finish (golden AMI ≈1-2 min; base AMI cold path ≈10 min)...
startup-script complete
[build] SSH transport: SSH-over-SSM (instance i-0ad691031bc443436)
[build] Enumerating git-tracked files...
[build]   2658 files
[build] Syncing to i-0ad691031bc443436:~/spur/worktrees/s3-verify ...
[build] Re-stamping 3112 synced path(s) to VM clock...
[build] Reconciling remote workspace (pruning locally-deleted files)...
[prune] no prior manifest for this worktree; seeding baseline (no prune on first run)
[build] Configuring remote git auth for private getspur/spur deps...
[build] Running: cargo --config build.rustflags=\[\"-Ctarget-cpu=neoverse-v1\"\,\"-Ctarget-feature=+lse\"\,\"-Clinker=clang\"\,\"-Clink-arg=-fuse-ld=/mnt/cargo/rust-lld-driver/ld.lld\"\] clippy --workspace -- -D warnings  -j16  provider-rustflags=-Ctarget-cpu=neoverse-v1 -Ctarget-feature=+lse -Clinker=clang -Clink-arg=-fuse-ld=/mnt/cargo/rust-lld-driver/ld.lld
info: syncing channel updates for 1.94.1-aarch64-unknown-linux-gnu
info: latest update on 2026-03-26 for version 1.94.1 (e408947bf 2026-03-25)
info: downloading 5 components
    Updating crates.io index
    Updating git repository `https://github.com/getspur/beads_rust`
    Updating git repository `https://github.com/Dicklesworthstone/toon_rust.git`
 Downloading crates ...
  Downloaded adler2 v2.0.1
  Downloaded aead v0.5.2
  Downloaded bit-set v0.8.0
  Downloaded arrayref v0.3.9
  Downloaded bon v3.9.1
  Downloaded cedarwood v0.4.6
  Downloaded dyn-clone v1.0.20
  Downloaded dirs-sys v0.5.0
  Downloaded elliptic-curve v0.13.8
  Downloaded equator-macro v0.4.2
  Downloaded fs2 v0.4.3
  Downloaded gethostname v0.2.3
  Downloaded ghash v0.5.1
  Downloaded gix-diff v0.57.1
  Downloaded globset v0.4.18
  Downloaded gix-worktree v0.46.0
  Downloaded linked-hash-map v0.5.6
  Downloaded md-5 v0.10.6
  Downloaded matrixmultiply v0.3.10
  Downloaded no_std_io2 v0.9.4
  Downloaded lru v0.16.3
  Downloaded proc-macro-crate v3.5.0
  Downloaded quinn-udp v0.5.14
  Downloaded rand_core v0.10.1
  Downloaded ravif v0.13.0
  Downloaded rend v0.4.2
  Downloaded prettyplease v0.2.37
  Downloaded scopeguard v1.2.0
  Downloaded schemars_derive v0.8.22
  Downloaded slab v0.4.12
  Downloaded synstructure v0.13.2
  Downloaded tinyvec_macros v0.1.1
  Downloaded toml_parser v1.1.2+spec-1.1.0
  Downloaded tracing-serde v0.2.0
  Downloaded unicode-blocks v0.1.9
  Downloaded zerofrom v0.1.7
  Downloaded zeroize_derive v1.4.3
  Downloaded zune-core v0.5.1
  Downloaded zune-inflate v0.2.54
  Downloaded unicode-normalization v0.1.25
  Downloaded unicode-segmentation v1.13.2
  Downloaded zerotrie v0.2.4
  Downloaded zstd-safe v7.2.4
  Downloaded zopfli v0.8.3
  Downloaded ttf-parser v0.25.1
  Downloaded zerocopy-derive v0.8.48
  Downloaded zune-jpeg v0.5.15
  Downloaded tar v0.4.45
  Downloaded unicode-width v0.1.14
  Downloaded zip v6.0.0
  Downloaded tokio-util v0.7.18
  Downloaded zlib-rs v0.6.3
  Downloaded tree-sitter v0.25.10
  Downloaded tokenizers v0.21.4
  Downloaded yansi v1.0.1
  Downloaded tree-sitter-python v0.25.0
  Downloaded spm_precompiled v0.1.4
  Downloaded zlib-rs v0.5.5
  Downloaded tree-sitter-c v0.24.2
  Downloaded syntect v5.3.0
  Downloaded tree-sitter-md v0.5.3
  Downloaded sqlparser v0.61.0
  Downloaded time v0.3.47
  Downloaded aws-lc-sys v0.40.0
  Downloaded sha1-checked v0.10.0
  Downloaded zerocopy v0.8.48
  Downloaded tracing v0.1.44
  Downloaded tree-sitter-rust v0.24.2
  Downloaded sysinfo v0.30.13
  Downloaded tower-http v0.6.8
  Downloaded tiff v0.11.3
  Downloaded vcpkg v0.2.15
  Downloaded rich_rust v0.2.1
  Downloaded tree-sitter-bash v0.25.1
  Downloaded rav1e v0.8.1
  Downloaded ring v0.17.14
  Downloaded winnow v0.7.15
  Downloaded webpki-roots v1.0.7
  Downloaded unicode-width v0.2.0
  Downloaded tree-sitter-lua v0.5.0
  Downloaded linux-raw-sys v0.12.1
  Downloaded x11rb v0.9.0
  Downloaded yaml-rust v0.4.5
  Downloaded zstd-sys v2.0.16+zstd.1.5.7
  Downloaded yada v0.5.1
  Downloaded xattr v1.6.1
  Downloaded winnow v1.0.1
  Downloaded winnow v0.5.40
  Downloaded uuid v1.23.0
  Downloaded zstd v0.13.3
  Downloaded zerovec v0.11.6
  Downloaded yoke v0.8.2
  Downloaded tree-sitter-typescript v0.23.2
  Downloaded xmlwriter v0.1.0
  Downloaded wyz v0.5.1
  Downloaded tracing-appender v0.2.4
  Downloaded tokio v1.51.1
  Downloaded yoke-derive v0.8.2
  Downloaded y4m v0.8.0
  Downloaded xxhash-rust v0.8.15
  Downloaded tree-sitter-cpp v0.23.4
  Downloaded utf8parse v0.2.2
  Downloaded usvg v0.46.0
  Downloaded ureq v2.12.1
  Downloaded tree-sitter-language v0.1.7
  Downloaded tracing-subscriber v0.3.23
  Downloaded tower-service v0.3.3
  Downloaded tokio-rustls v0.26.4
  Downloaded thread_local v1.1.9
  Downloaded thiserror-impl v1.0.69
  Downloaded tempfile v3.27.0
  Downloaded unicode-script v0.5.8
  Downloaded try-lock v0.2.5
  Downloaded jieba-rs v0.9.0
  Downloaded tokio-stream v0.1.18
  Downloaded tokio-native-tls v0.3.1
  Downloaded tokio-macros v2.7.0
  Downloaded tiff v0.6.1
  Downloaded thrift v0.17.0
  Downloaded thread-tree v0.3.3
  Downloaded thiserror-impl v2.0.18
  Downloaded thiserror v2.0.18
  Downloaded thiserror v1.0.69
  Downloaded terminal_size v0.4.4
  Downloaded tap v1.0.1
  Downloaded rust-stemmers v1.2.0
  Downloaded tagptr v0.2.0
  Downloaded snafu v0.8.9
  Downloaded ratatui v0.29.0
  Downloaded tower-layer v0.3.3
  Downloaded rustix v1.1.4
  Downloaded rustix v0.38.44
  Downloaded wasm-bindgen-macro-support v0.2.118
  Downloaded wasm-bindgen v0.2.118
  Downloaded url v2.5.8
  Downloaded unicode_categories v0.1.1
  Downloaded unicode-normalization-alignments v0.1.12
  Downloaded streaming-iterator v0.1.9
  Downloaded spin v0.9.8
  Downloaded socket2 v0.6.3
  Downloaded serde_json v1.0.149
  Downloaded rmcp v1.5.0
  Downloaded zmij v1.0.21
  Downloaded zerovec-derive v0.11.3
  Downloaded zeroize v1.8.2
  Downloaded weezl v0.1.12
  Downloaded libsqlite3-sys v0.36.0
  Downloaded web-time v1.1.0
  Downloaded vergen-gix v9.1.0
  Downloaded vergen v9.1.0
  Downloaded unsafe-libyaml v0.2.11
  Downloaded tiny-skia v0.11.4
  Downloaded stfu8 v0.2.7
  Downloaded stable_deref_trait v1.2.1
  Downloaded sqlparser_derive v0.5.0
  Downloaded spki v0.7.3
  Downloaded socks v0.3.4
  Downloaded snafu-derive v0.8.9
  Downloaded snafu v0.9.0
  Downloaded zerofrom-derive v0.1.7
  Downloaded writeable v0.6.3
  Downloaded webpki-roots v0.26.11
  Downloaded wasm-bindgen-shared v0.2.118
  Downloaded wasm-bindgen-macro v0.2.118
  Downloaded walkdir v2.5.0
  Downloaded vsimd v0.8.0
  Downloaded virtue v0.0.18
  Downloaded version_check v0.9.5
  Downloaded vergen-lib v9.1.0
  Downloaded v_frame v0.3.9
  Downloaded unicode-truncate v2.0.1
  Downloaded typenum v1.19.0
  Downloaded tui-textarea v0.7.0
  Downloaded tower v0.5.3
  Downloaded syn v1.0.109
  Downloaded want v0.3.1
  Downloaded utf8_iter v1.0.4
  Downloaded utf8-ranges v1.0.5
  Downloaded unty v0.0.4
  Downloaded untrusted v0.9.0
  Downloaded universal-hash v0.5.1
  Downloaded unit-prefix v0.5.2
  Downloaded unicode-xid v0.2.6
  Downloaded unicode-vo v0.1.0
  Downloaded unicode-truncate v1.1.0
  Downloaded unicode-properties v0.1.4
  Downloaded unicode-ident v1.0.24
  Downloaded unicode-ccc v0.4.0
  Downloaded unicode-bom v2.0.3
  Downloaded unicode-bidi v0.3.18
  Downloaded toml_edit v0.25.11+spec-1.1.0
  Downloaded toml_edit v0.20.2
  Downloaded syn v2.0.117
  Downloaded stdio-override v0.2.0
  Downloaded sse-stream v0.2.2
  Downloaded smallvec v1.15.1
  Downloaded rust_decimal v1.41.0
  Downloaded rusqlite v0.38.0
  Downloaded reqwest v0.13.2
  Downloaded unicode-bidi-mirroring v0.4.0
  Downloaded unicase v2.9.0
  Downloaded uluru v3.1.0
  Downloaded ucd-trie v0.1.7
  Downloaded twox-hash v2.1.2
  Downloaded tui-markdown v0.3.7
  Downloaded strict-num v0.1.1
  Downloaded static_assertions v1.1.0
  Downloaded snafu-derive v0.9.0
  Downloaded serde_yml v0.0.12
  Downloaded serde_with v3.18.0
  Downloaded serde v1.0.228
  Downloaded rustybuzz v0.20.1
  Downloaded rustls v0.23.38
  Downloaded roaring v0.11.4
  Downloaded rkyv v0.7.46
  Downloaded ratatui-core v0.1.0
  Downloaded pxfm v0.1.28
  Downloaded tracing-log v0.2.0
  Downloaded tracing-core v0.1.36
  Downloaded tracing-attributes v0.1.31
  Downloaded toml v0.8.2
  Downloaded schemars v1.2.1
  Downloaded schemars v0.9.0
  Downloaded rustls-webpki v0.103.12
  Downloaded rstest_macros v0.26.1
  Downloaded resvg v0.46.0
  Downloaded rand_distr v0.5.1
  Downloaded toml_datetime v1.1.1+spec-1.1.0
  Downloaded toml_datetime v0.6.3
  Downloaded std_prelude v0.2.12
  Downloaded regex-syntax v0.8.10
  Downloaded regex-automata v0.4.14
  Downloaded pulldown-cmark v0.13.3
  Downloaded petgraph v0.8.3
  Downloaded linux-raw-sys v0.4.15
  Downloaded ascii-dag v0.9.1
  Downloaded tinyvec v1.11.0
  Downloaded tinystr v0.8.3
  Downloaded tiny-skia-path v0.11.4
  Downloaded tiny-keccak v2.0.2
  Downloaded time-macros v0.2.27
  Downloaded time-core v0.1.8
  Downloaded svgtypes v0.16.1
  Downloaded serde_urlencoded v0.7.1
  Downloaded serde_spanned v0.6.9
  Downloaded serde_path_to_error v0.1.20
  Downloaded serde_derive_internals v0.29.1
  Downloaded serde_derive v1.0.228
  Downloaded serde_core v1.0.228
  Downloaded seq-macro v0.3.6
  Downloaded semver v1.0.28
  Downloaded secrecy v0.10.3
  Downloaded sec1 v0.7.3
  Downloaded seahash v4.1.0
  Downloaded rsa v0.9.10
  Downloaded reqwest v0.12.28
  Downloaded rayon v1.12.0
  Downloaded prodash v30.0.1
  Downloaded parquet v58.1.0
  Downloaded sync_wrapper v1.0.2
  Downloaded subtle v2.6.1
  Downloaded strum_macros v0.28.0
  Downloaded strum_macros v0.27.2
  Downloaded strum_macros v0.26.4
  Downloaded strum v0.28.0
  Downloaded strum v0.27.2
  Downloaded strum v0.26.3
  Downloaded strsim v0.11.1
  Downloaded slotmap v1.1.1
  Downloaded libduckdb-sys v1.10502.0
  Downloaded simplecss v0.2.2
  Downloaded simdutf8 v0.1.5
  Downloaded signal-hook v0.4.4
  Downloaded signal-hook v0.3.18
  Downloaded shlex v1.3.0
  Downloaded sharded-slab v0.1.7
  Downloaded serde_yaml v0.9.34+deprecated
  Downloaded serde_with_macros v3.18.0
  Downloaded serde_repr v0.1.20
  Downloaded rstest v0.26.1
  Downloaded regex v1.12.3
  Downloaded rayon-core v1.13.0
  Downloaded petgraph v0.6.5
  Downloaded siphasher v1.0.2
  Downloaded simple_asn1 v0.6.4
  Downloaded simd_helpers v0.1.0
  Downloaded simd-adler32 v0.3.9
  Downloaded signature v2.2.0
  Downloaded signal-hook-registry v1.4.8
  Downloaded signal-hook-mio v0.2.5
  Downloaded shell-words v1.1.1
  Downloaded sha2 v0.10.9
  Downloaded sha1 v0.10.6
  Downloaded schemars_derive v1.2.1
  Downloaded schemars v0.8.22
  Downloaded ryu v1.0.23
  Downloaded rustls-platform-verifier v0.6.2
  Downloaded quinn-proto v0.11.14
  Downloaded quick-xml v0.38.4
  Downloaded onig_sys v69.9.1
  Downloaded mermaid-text v0.56.0
  Downloaded same-file v1.0.6
  Downloaded rustversion v1.0.22
  Downloaded rustls-pki-types v1.14.0
  Downloaded rustls-native-certs v0.8.3
  Downloaded rand v0.10.1
  Downloaded rand v0.9.4
  Downloaded rand v0.8.5
  Downloaded quinn v0.11.9
  Downloaded qoi v0.4.1
  Downloaded rustc_version v0.4.1
  Downloaded rustc-hash v2.1.2
  Downloaded rustc-demangle v0.1.27
  Downloaded roxmltree v0.21.1
  Downloaded roxmltree v0.20.0
  Downloaded rmcp-macros v1.5.0
  Downloaded rkyv_derive v0.7.46
  Downloaded rgb v0.8.53
  Downloaded ratatui-image v9.0.0
  Downloaded rfc6979 v0.4.0
  Downloaded portable-atomic v1.13.1
  Downloaded png v0.18.1
  Downloaded png v0.17.16
  Downloaded octocrab v0.50.0
  Downloaded object v0.37.3
  Downloaded num-bigint-dig v0.8.6
  Downloaded num-bigint v0.4.6
  Downloaded lance v6.0.0
  Downloaded pretty_assertions v1.4.1
  Downloaded openssl v0.10.80
  Downloaded object_store v0.13.2
  Downloaded object_store v0.12.5
  Downloaded mio v1.2.0
  Downloaded minimal-lexical v0.2.1
  Downloaded mermaid-rs-renderer v0.2.2
  Downloaded memchr v2.8.0
  Downloaded lance-index v6.0.0
  Downloaded relative-path v1.9.3
  Downloaded ref-cast-impl v1.0.25
  Downloaded ref-cast v1.0.25
  Downloaded rayon-cond v0.4.0
  Downloaded rawpointer v0.2.1
  Downloaded rangemap v1.7.1
  Downloaded rand_xoshiro v0.7.0
  Downloaded prost-types v0.14.3
  Downloaded prost v0.14.3
  Downloaded ort v2.0.0-rc.9
  Downloaded miniz_oxide v0.8.9
  Downloaded lance-encoding v6.0.0
  Downloaded icy_sixel v0.1.3
  Downloaded pulldown-cmark-escape v0.11.0
  Downloaded ptr_meta_derive v0.1.4
  Downloaded ptr_meta v0.1.4
  Downloaded prost-derive v0.14.3
  Downloaded prost-build v0.14.3
  Downloaded profiling-procmacros v1.0.18
  Downloaded profiling v1.0.18
  Downloaded proc-macro2 v1.0.106
  Downloaded pem-rfc7468 v0.7.0
  Downloaded path_abs v0.5.1
  Downloaded p384 v0.13.1
  Downloaded openssl-sys v0.9.116
  Downloaded ndarray v0.16.1
  Downloaded moxcms v0.8.1
  Downloaded moka v0.12.15
  Downloaded libc v0.2.184
  Downloaded lance-linalg v6.0.0
  Downloaded lance-file v6.0.0
  Downloaded lance-datafusion v6.0.0
  Downloaded lance-core v6.0.0
  Downloaded kurbo v0.13.0
  Downloaded jsonb v0.5.6
  Downloaded image v0.25.10
  Downloaded rand_core v0.9.5
  Downloaded rand_core v0.6.4
  Downloaded rand_chacha v0.9.0
  Downloaded rand_chacha v0.3.1
  Downloaded radium v0.7.0
  Downloaded quote v1.0.45
  Downloaded quick-error v2.0.1
  Downloaded png v0.16.8
  Downloaded plist v1.8.0
  Downloaded pin-project v1.1.11
  Downloaded percent-encoding v2.3.2
  Downloaded pem v3.0.6
  Downloaded pastey v0.2.1
  Downloaded pastey v0.1.1
  Downloaded number_prefix v0.4.0
  Downloaded num_threads v0.1.7
  Downloaded num-traits v0.2.19
  Downloaded num-rational v0.3.2
  Downloaded num-integer v0.1.46
  Downloaded num-complex v0.4.6
  Downloaded nucleo-matcher v0.3.1
  Downloaded nu-ansi-term v0.50.3
  Downloaded nom v8.0.0
  Downloaded nix v0.22.3
  Downloaded miniz_oxide v0.3.7
  Downloaded lance-io v6.0.0
  Downloaded jiff v0.2.24
  Downloaded imara-diff v0.1.8
  Downloaded image v0.23.14
  Downloaded idna v1.1.0
  Downloaded icu_properties_data v2.2.0
  Downloaded hkdf v0.12.4
  Downloaded h2 v0.4.14
  Downloaded primeorder v0.13.6
  Downloaded ppv-lite86 v0.2.21
  Downloaded powerfmt v0.2.0
  Downloaded potential_utf v0.1.5
  Downloaded polyval v0.6.2
  Downloaded pkg-config v0.3.32
  Downloaded pkcs8 v0.10.2
  Downloaded pkcs1 v0.7.5
  Downloaded pin-project-lite v0.2.17
  Downloaded pin-project-internal v1.1.11
  Downloaded pico-args v0.5.0
  Downloaded phf_shared v0.13.1
  Downloaded phf_shared v0.12.1
  Downloaded phf_generator v0.13.1
  Downloaded phf_codegen v0.13.1
  Downloaded phf v0.13.1
  Downloaded phf v0.12.1
  Downloaded parking_lot v0.12.5
  Downloaded p256 v0.13.2
  Downloaded ort-sys v2.0.0-rc.9
  Downloaded num_cpus v1.17.0
  Downloaded num-rational v0.4.2
  Downloaded num-iter v0.1.45
  Downloaded num-derive v0.4.2
  Downloaded num-conv v0.2.1
  Downloaded noop_proc_macro v0.3.0
  Downloaded nom v7.1.3
  Downloaded mime_guess v2.0.5
  Downloaded lz4-sys v1.11.1+lz4-1.10.0
  Downloaded image-webp v0.2.4
  Downloaded http v1.4.0
  Downloaded heapless v0.8.0
  Downloaded hashbrown v0.16.1
  Downloaded hashbrown v0.15.5
  Downloaded hashbrown v0.14.5
  Downloaded hashbrown v0.12.3
  Downloaded permutation v0.4.1
  Downloaded paste v1.0.15
  Downloaded parking_lot_core v0.9.12
  Downloaded parking v2.2.1
  Downloaded outref v0.5.2
  Downloaded os_pipe v1.2.3
  Downloaded ordered-float v5.3.0
  Downloaded ordered-float v2.10.1
  Downloaded option-ext v0.2.0
  Downloaded openssl-probe v0.2.1
  Downloaded openssl-macros v0.1.1
  Downloaded opaque-debug v0.3.1
  Downloaded onig v6.5.1
  Downloaded once_cell v1.21.4
  Downloaded miniz_oxide v0.4.4
  Downloaded mime v0.3.17
  Downloaded memoffset v0.6.5
  Downloaded memmap2 v0.9.10
  Downloaded md5 v0.8.0
  Downloaded md5 v0.7.0
  Downloaded log v0.4.29
  Downloaded lock_api v0.4.14
  Downloaded hashbrown v0.17.0
  Downloaded fst v0.4.7
  Downloaded lru v0.12.5
  Downloaded loop9 v0.1.5
  Downloaded litrs v1.0.0
  Downloaded litemap v0.8.2
  Downloaded lancedb v0.29.0
  Downloaded lance-namespace v6.0.0
  Downloaded lance-datagen v6.0.0
  Downloaded lance-arrow v6.0.0
  Downloaded kstring v2.0.2
  Downloaded kasuari v0.4.12
  Downloaded kanaria v0.2.0
  Downloaded jsonwebtoken v10.4.0
  Downloaded gix-transport v0.52.1
  Downloaded new_debug_unreachable v1.0.6
  Downloaded native-tls v0.2.18
  Downloaded multimap v0.10.1
  Downloaded monostate-impl v0.1.18
  Downloaded monostate v0.1.18
  Downloaded mock_instant v0.6.0
  Downloaded libm v0.2.16
  Downloaded lexical-parse-float v1.0.6
  Downloaded random_word v0.5.2
  Downloaded lance-namespace-reqwest-client v0.7.7
  Downloaded lance-namespace-impls v6.0.0
  Downloaded lance-bitpacking v6.0.0
  Downloaded jpeg-decoder v0.1.22
  Downloaded jieba-macros v0.9.0
  Downloaded ignore v0.4.25
  Downloaded icu_provider v2.2.0
  Downloaded icu_properties v2.2.0
  Downloaded gix-pack v0.64.1
  Downloaded gix-dir v0.19.0
  Downloaded gimli v0.32.3
  Downloaded encoding_rs v0.8.35
  Downloaded matchit v0.8.4
  Downloaded lz4_flex v0.13.1
  Downloaded lindera-dictionary v0.44.1
  Downloaded lindera v0.44.1
  Downloaded licenseseat v0.5.3
  Downloaded libyml v0.0.5
  Downloaded lexical-write-float v1.0.6
  Downloaded lexical-util v1.0.7
  Downloaded lance-table v6.0.0
  Downloaded itertools v0.14.0
  Downloaded itertools v0.13.0
  Downloaded iri-string v0.7.12
  Downloaded io-uring v0.7.12
  Downloaded indexmap v2.14.0
  Downloaded imagesize v0.14.0
  Downloaded idna_adapter v1.2.1
  Downloaded ident_case v1.0.1
  Downloaded hyper v1.9.0
  Downloaded hmac v0.12.1
  Downloaded hf-hub v0.4.3
  Downloaded hex v0.4.3
  Downloaded hashlink v0.11.0
  Downloaded hashlink v0.10.0
  Downloaded hash32 v0.3.1
  Downloaded half v2.7.1
  Downloaded group v0.13.0
  Downloaded gix v0.77.0
  Downloaded frankenstein v0.49.0
  Downloaded maybe-rayon v0.1.1
  Downloaded maybe-async v0.2.10
  Downloaded matchers v0.2.0
  Downloaded macro_rules_attribute-proc_macro v0.2.2
  Downloaded macro_rules_attribute v0.2.2
  Downloaded machine-uid v0.5.4
  Downloaded lz4 v1.28.1
  Downloaded lru-slab v0.1.2
  Downloaded lindera-unidic v0.44.1
  Downloaded lindera-ko-dic v0.44.1
  Downloaded lindera-ipadic-neologd v0.44.1
  Downloaded lexical-write-integer v1.0.6
  Downloaded lexical-parse-integer v1.0.6
  Downloaded lexical-core v1.0.6
  Downloaded lebe v0.5.3
  Downloaded lazy_static v1.5.0
  Downloaded lance-tokenizer v6.0.0
  Downloaded lance-testing v6.0.0
  Downloaded jsonrpcmsg v0.1.2
  Downloaded json5 v1.3.1
  Downloaded jiff-static v0.2.24
  Downloaded indicatif v0.18.4
  Downloaded indicatif v0.17.11
  Downloaded icu_normalizer_data v2.2.0
  Downloaded icu_normalizer v2.2.0
  Downloaded icu_locale_core v2.2.0
  Downloaded icu_collections v2.2.0
  Downloaded hyper-util v0.1.20
  Downloaded http-body v1.0.1
  Downloaded hostname v0.4.2
  Downloaded heck v0.5.0
  Downloaded gix-config v0.50.0
  Downloaded futures-util v0.3.32
  Downloaded fontdb v0.23.0
  Downloaded lindera-ipadic v0.44.1
  Downloaded lindera-cc-cedict v0.44.1
  Downloaded jobserver v0.1.34
  Downloaded itoa v1.0.18
  Downloaded is_terminal_polyfill v1.70.2
  Downloaded is_executable v1.0.5
  Downloaded ipnet v2.12.0
  Downloaded integer-encoding v3.0.4
  Downloaded instability v0.3.12
  Downloaded inout v0.1.4
  Downloaded indoc v2.0.7
  Downloaded indexmap v1.9.3
  Downloaded imgref v1.12.1
  Downloaded iana-time-zone v0.1.65
  Downloaded hyperloglogplus v0.4.1
  Downloaded hyper-tls v0.6.0
  Downloaded hyper-timeout v0.5.2
  Downloaded hyper-rustls v0.27.9
  Downloaded humantime v2.3.0
  Downloaded httpdate v1.0.3
  Downloaded httparse v1.10.1
  Downloaded http-body-util v0.1.3
  Downloaded gix-trace v0.1.19
  Downloaded gix-tempfile v20.0.1
  Downloaded gix-submodule v0.24.0
  Downloaded gix-status v0.24.0
  Downloaded gix-shallow v0.7.0
  Downloaded gix-sec v0.12.2
  Downloaded gix-revwalk v0.25.0
  Downloaded gix-revision v0.39.0
  Downloaded gix-refspec v0.35.0
  Downloaded gix-ref v0.57.0
  Downloaded gix-protocol v0.55.0
  Downloaded gix-path v0.10.22
  Downloaded futures-concurrency v7.7.1
  Downloaded fastembed v4.9.1
  Downloaded fancy-regex v0.17.0
  Downloaded exr v1.74.0
  Downloaded datafusion-physical-plan v53.1.0
  Downloaded csv v1.4.0
  Downloaded chrono-tz v0.10.4
  Downloaded gix-validate v0.10.1
  Downloaded gix-utils v0.3.2
  Downloaded gix-url v0.34.0
  Downloaded gix-traverse v0.51.1
  Downloaded gix-quote v0.6.2
  Downloaded gix-pathspec v0.14.0
  Downloaded gix-packetline v0.20.0
  Downloaded gix-odb v0.74.0
  Downloaded gix-object v0.54.1
  Downloaded gix-index v0.45.1
  Downloaded gix-ignore v0.18.0
  Downloaded gix-hashtable v0.11.0
  Downloaded gix-hash v0.21.2
  Downloaded gix-glob v0.23.0
  Downloaded gix-fs v0.18.2
  Downloaded gix-filter v0.24.1
  Downloaded gix-features v0.45.2
  Downloaded gix-discover v0.45.0
  Downloaded datafusion-sql v53.1.0
  Downloaded datafusion-physical-expr v53.1.0
  Downloaded datafusion-optimizer v53.1.0
  Downloaded datafusion-functions v53.1.0
  Downloaded datafusion-expr v53.1.0
  Downloaded datafusion-common v53.1.0
  Downloaded datafusion v53.1.0
  Downloaded curve25519-dalek v4.1.3
  Downloaded glob v0.3.3
  Downloaded gix-lock v20.0.1
  Downloaded gix-bitmap v0.2.16
  Downloaded gix-attributes v0.29.0
  Downloaded euclid v0.22.14
  Downloaded esaxx-rs v0.1.10
  Downloaded encoding-index-tradchinese v1.20141219.5
  Downloaded duckdb v1.10502.0
  Downloaded derive_more-impl v2.1.1
  Downloaded datafusion-physical-optimizer v53.1.0
  Downloaded datafusion-functions-nested v53.1.0
  Downloaded datafusion-functions-aggregate v53.1.0
  Downloaded datafusion-expr-common v53.1.0
  Downloaded datafusion-datasource v53.1.0
  Downloaded crossterm v0.29.0
  Downloaded crossterm v0.28.1
  Downloaded crossbeam-channel v0.5.15
  Downloaded clap_builder v4.6.0
  Downloaded chrono v0.4.44
  Downloaded gix-date v0.12.1
  Downloaded gix-config-value v0.16.0
  Downloaded gix-commitgraph v0.31.0
  Downloaded gix-command v0.6.5
  Downloaded gix-chunk v0.4.12
  Downloaded gix-actor v0.37.1
  Downloaded gif v0.14.2
  Downloaded getrandom v0.4.2
  Downloaded getrandom v0.3.4
  Downloaded generic-array v0.14.7
  Downloaded futures-task v0.3.32
  Downloaded futures-io v0.3.32
  Downloaded futures-channel v0.3.32
  Downloaded fs_extra v1.3.0
  Downloaded fs4 v0.13.1
  Downloaded form_urlencoded v1.2.2
  Downloaded foreign-types-shared v0.1.1
  Downloaded foreign-types v0.3.2
  Downloaded foldhash v0.1.5
  Downloaded flate2 v1.1.9
  Downloaded derive_more v2.1.1
  Downloaded derive_builder v0.20.2
  Downloaded der v0.7.10
  Downloaded deflate v0.8.6
  Downloaded datafusion-pruning v53.1.0
  Downloaded datafusion-physical-expr-common v53.1.0
  Downloaded datafusion-functions-window v53.1.0
  Downloaded datafusion-functions-aggregate-common v53.1.0
  Downloaded datafusion-datasource-json v53.1.0
  Downloaded datafusion-datasource-arrow v53.1.0
  Downloaded datafusion-catalog-listing v53.1.0
  Downloaded datafusion-catalog v53.1.0
  Downloaded darling_core v0.20.11
  Downloaded darling v0.23.0
  Downloaded crypto-bigint v0.5.5
  Downloaded crossbeam-utils v0.8.21
  Downloaded crossbeam-skiplist v0.1.3
  Downloaded crossbeam-epoch v0.9.18
  Downloaded crc32fast v1.5.0
  Downloaded const-oid v0.9.6
  Downloaded compact_str v0.9.0
  Downloaded compact_str v0.8.1
  Downloaded comfy-table v7.1.2
  Downloaded clru v0.6.3
  Downloaded clap_derive v4.6.0
  Downloaded clap_complete v4.6.3
  Downloaded getrandom v0.2.17
  Downloaded getopts v0.2.24
  Downloaded futures-timer v3.0.3
  Downloaded futures-sink v0.3.32
  Downloaded futures-macro v0.3.32
  Downloaded futures-lite v2.6.1
  Downloaded futures-executor v0.3.32
  Downloaded futures-core v0.3.32
  Downloaded futures v0.3.32
  Downloaded funty v2.0.0
  Downloaded foldhash v0.2.0
  Downloaded fnv v1.0.7
  Downloaded float-cmp v0.9.0
  Downloaded file-rotate v0.8.0
  Downloaded digest v0.10.7
  Downloaded diff v0.1.13
  Downloaded derive_builder_core v0.20.2
  Downloaded deranged v0.5.8
  Downloaded datafusion-session v53.1.0
  Downloaded datafusion-physical-expr-adapter v53.1.0
  Downloaded datafusion-functions-table v53.1.0
  Downloaded datafusion-doc v53.1.0
  Downloaded datafusion-common-runtime v53.1.0
  Downloaded data-url v0.3.2
  Downloaded dashmap v6.1.0
  Downloaded dary_heap v0.3.9
  Downloaded darling v0.20.11
  Downloaded ctr v0.9.2
  Downloaded csv-core v0.1.13
  Downloaded crossbeam-queue v0.3.12
  Downloaded crossbeam-deque v0.8.6
  Downloaded convert_case v0.10.0
  Downloaded console v0.16.3
  Downloaded console v0.15.11
  Downloaded concurrent-queue v2.5.0
  Downloaded color_quant v1.1.0
  Downloaded cmake v0.1.58
  Downloaded clap v4.6.0
  Downloaded fsst v6.0.0
  Downloaded fontconfig-parser v0.5.8
  Downloaded flatbuffers v25.12.19
  Downloaded fixedbitset v0.5.7
  Downloaded fixedbitset v0.4.2
  Downloaded find-msvc-tools v0.1.9
  Downloaded fdeflate v0.3.7
  Downloaded fax v0.2.7
  Downloaded fastrand v2.4.1
  Downloaded faster-hex v0.10.0
  Downloaded fast-float2 v0.2.3
  Downloaded fallible-iterator v0.3.0
  Downloaded event-listener v5.4.1
  Downloaded ethnum v1.5.3
  Downloaded encoding_rs_io v0.1.7
  Downloaded encoding-index-simpchinese v1.20141219.5
  Downloaded encoding-index-japanese v1.20141219.5
  Downloaded encoding v0.2.33
  Downloaded ed25519-dalek v2.2.0
  Downloaded dirs v6.0.0
  Downloaded dirs v5.0.1
  Downloaded directories v5.0.1
  Downloaded derive_builder_macro v0.20.2
  Downloaded deepsize_derive v0.1.2
  Downloaded deepsize v0.2.0
  Downloaded datafusion-macros v53.1.0
  Downloaded datafusion-functions-window-common v53.1.0
  Downloaded datafusion-execution v53.1.0
  Downloaded crunchy v0.2.4
  Downloaded core_maths v0.1.1
  Downloaded constant_time_eq v0.4.2
  Downloaded const-random v0.1.18
  Downloaded colorchoice v1.0.5
  Downloaded brotli-decompressor v5.0.0
  Downloaded filetime v0.2.27
  Downloaded ff v0.13.1
  Downloaded fallible-streaming-iterator v0.1.9
  Downloaded event-listener-strategy v0.5.4
  Downloaded errno v0.3.14
  Downloaded equivalent v1.0.2
  Downloaded equator v0.4.2
  Downloaded encoding_index_tests v0.1.4
  Downloaded encoding-index-singlebyte v1.20141219.5
  Downloaded datafusion-datasource-csv v53.1.0
  Downloaded darling_macro v0.23.0
  Downloaded darling_macro v0.20.11
  Downloaded darling_core v0.23.0
  Downloaded crypto-common v0.1.7
  Downloaded const-random-macro v0.1.16
  Downloaded cc v1.2.60
  Downloaded cassowary v0.3.0
  Downloaded encoding-index-korean v1.20141219.5
  Downloaded brotli v8.0.2
  Downloaded agent-client-protocol-schema v0.12.0
  Downloaded either v1.15.0
  Downloaded ed25519 v2.2.3
  Downloaded ecdsa v0.16.9
  Downloaded dunce v1.0.5
  Downloaded bytes v1.11.1
  Downloaded bstr v1.12.1
  Downloaded borsh v1.6.1
  Downloaded blake3 v1.8.5
  Downloaded bigdecimal v0.4.10
  Downloaded base64 v0.22.1
  Downloaded av-scenechange v0.14.1
  Downloaded arrow-buffer v58.1.0
  Downloaded arc-swap v1.9.1
  Downloaded aho-corasick v1.1.4
  Downloaded clap_lex v1.1.0
  Downloaded cargo_metadata v0.23.1
  Downloaded bitvec v1.0.1
  Downloaded bitstream-io v4.10.0
  Downloaded axum-core v0.5.6
  Downloaded axum v0.8.9
  Downloaded aws-lc-rs v1.16.3
  Downloaded av1-grain v0.2.5
  Downloaded async_cell v0.2.3
  Downloaded arrow-array v58.1.0
  Downloaded anyhow v1.0.102
  Downloaded anstyle-parse v1.0.0
  Downloaded ahash v0.7.8
  Downloaded document-features v0.2.12
  Downloaded displaydoc v0.2.5
  Downloaded dirs-sys v0.4.1
  Downloaded cpufeatures v0.2.17
  Downloaded cipher v0.4.4
  Downloaded chacha20 v0.10.0
  Downloaded cfg_aliases v0.2.1
  Downloaded cfg-if v1.0.4
  Downloaded camino v1.2.2
  Downloaded bytemuck v1.25.0
  Downloaded bumpalo v3.20.2
  Downloaded borsh-derive v1.6.1
  Downloaded bon-macros v3.9.1
  Downloaded bitflags v2.11.0
  Downloaded bit_field v0.10.3
  Downloaded bincode_derive v2.0.1
  Downloaded bincode v2.0.1
  Downloaded bincode v1.3.3
  Downloaded base64 v0.13.1
  Downloaded base16ct v0.2.0
  Downloaded backtrace v0.3.76
  Downloaded async-compression v0.4.19
  Downloaded arrow-string v58.1.0
  Downloaded arrow-schema v58.1.0
  Downloaded arrow-json v58.1.0
  Downloaded arrow-ipc v58.1.0
  Downloaded arboard v2.1.1
  Downloaded anstream v1.0.0
  Downloaded ansi-to-tui v8.0.1
  Downloaded allocator-api2 v0.2.21
  Downloaded alloc-stdlib v0.2.2
  Downloaded alloc-no-stdlib v2.0.4
  Downloaded aligned v0.4.3
  Downloaded castaway v0.2.4
  Downloaded cast v0.3.0
  Downloaded cargo-platform v0.3.3
  Downloaded byteorder-lite v0.1.0
  Downloaded byteorder v1.5.0
  Downloaded bytecheck_derive v0.6.12
  Downloaded bytecheck v0.6.12
  Downloaded built v0.8.0
  Downloaded block-buffer v0.10.4
  Downloaded bitpacking v0.9.3
  Downloaded bitflags v1.3.2
  Downloaded bit-vec v0.8.0
  Downloaded base64ct v1.8.3
  Downloaded base64-simd v0.8.0
  Downloaded avif-serialize v0.8.9
  Downloaded autocfg v1.5.0
  Downloaded atoi v2.0.0
  Downloaded async-trait v0.1.89
  Downloaded async-lock v3.4.2
  Downloaded as-slice v0.2.1
  Downloaded arrow-select v58.1.0
  Downloaded arrow-row v58.1.0
  Downloaded arrow-ord v58.1.0
  Downloaded arrow-csv v58.1.0
  Downloaded arrow-cast v58.1.0
  Downloaded arrow-arith v58.1.0
  Downloaded arrow v58.1.0
  Downloaded anstyle v1.0.14
  Downloaded aligned-vec v0.6.4
  Downloaded agent-client-protocol v0.11.1
  Downloaded aes v0.8.4
  Downloaded blake2 v0.10.6
  Downloaded atomic-waker v1.1.2
  Downloaded async-recursion v1.1.1
  Downloaded async-channel v2.5.0
  Downloaded arrow-data v58.1.0
  Downloaded arrayvec v0.7.6
  Downloaded arg_enum_proc_macro v0.3.4
  Downloaded aes-gcm v0.10.3
  Downloaded anstyle-query v1.1.5
  Downloaded agent-client-protocol-derive v0.11.0
  Downloaded adler32 v1.2.0
  Downloaded addr2line v0.25.1
  Downloaded ahash v0.8.12
  Downloaded adler v1.0.2
   Compiling proc-macro2 v1.0.106
   Compiling unicode-ident v1.0.24
   Compiling quote v1.0.45
   Compiling libc v0.2.184
    Checking cfg-if v1.0.4
    Checking memchr v2.8.0
   Compiling version_check v0.9.5
   Compiling parking_lot_core v0.9.12
   Compiling thiserror v2.0.18
   Compiling shlex v1.3.0
   Compiling find-msvc-tools v0.1.9
    Checking smallvec v1.15.1
    Checking once_cell v1.21.4
    Checking itoa v1.0.18
    Checking equivalent v1.0.2
   Compiling typenum v1.19.0
    Checking bitflags v2.11.0
   Compiling serde_core v1.0.228
   Compiling crc32fast v1.5.0
   Compiling autocfg v1.5.0
    Checking scopeguard v1.2.0
   Compiling libm v0.2.16
   Compiling serde v1.0.228
    Checking log v0.4.29
   Compiling crossbeam-utils v0.8.21
   Compiling zmij v1.0.21
    Checking hashbrown v0.17.0
    Checking lock_api v0.4.14
   Compiling num-traits v0.2.19
    Checking regex-syntax v0.8.10
    Checking indexmap v2.14.0
    Checking aho-corasick v1.1.4
    Checking stable_deref_trait v1.2.1
    Checking bytes v1.11.1
    Checking pin-project-lite v0.2.17
    Checking subtle v2.6.1
    Checking futures-core v0.3.32
   Compiling serde_json v1.0.149
    Checking allocator-api2 v0.2.21
   Compiling generic-array v0.14.7
   Compiling rustversion v1.0.22
    Checking regex-automata v0.4.14
   Compiling pkg-config v0.3.32
   Compiling zerocopy v0.8.48
   Compiling heck v0.5.0
    Checking foldhash v0.2.0
    Checking const-oid v0.9.6
    Checking futures-io v0.3.32
   Compiling jobserver v0.1.34
    Checking hashbrown v0.16.1
    Checking same-file v1.0.6
   Compiling icu_properties_data v2.2.0
    Checking num-integer v0.1.46
    Checking base64 v0.22.1
    Checking futures-sink v0.3.32
   Compiling icu_normalizer_data v2.2.0
    Checking iana-time-zone v0.1.65
   Compiling syn v2.0.117
    Checking walkdir v2.5.0
   Compiling cc v1.2.60
    Checking futures-channel v0.3.32
    Checking futures-task v0.3.32
    Checking slab v0.4.12
    Checking tracing-core v0.1.36
    Checking ryu v1.0.23
    Checking num-bigint v0.4.6
   Compiling getrandom v0.3.4
   Compiling fastrand v2.4.1
    Checking percent-encoding v2.3.2
    Checking http v1.4.0
    Checking unicode-width v0.2.0
    Checking litemap v0.8.2
    Checking writeable v0.6.3
    Checking utf8_iter v1.0.4
    Checking siphasher v1.0.2
   Compiling anyhow v1.0.102
   Compiling heapless v0.8.0
    Checking either v1.15.0
   Compiling thiserror-impl v2.0.18
   Compiling serde_derive v1.0.228
   Compiling zeroize_derive v1.4.3
   Compiling synstructure v0.13.2
   Compiling zerocopy-derive v0.8.48
   Compiling zerovec-derive v0.11.3
   Compiling displaydoc v0.2.5
   Compiling futures-macro v0.3.32
    Checking getrandom v0.2.17
    Checking errno v0.3.14
   Compiling zerofrom-derive v0.1.7
   Compiling yoke-derive v0.8.2
    Checking signal-hook-registry v1.4.8
    Checking mio v1.2.0
    Checking parking_lot v0.12.5
    Checking rand_core v0.6.4
    Checking socket2 v0.6.3
   Compiling tokio-macros v2.7.0
   Compiling tracing-attributes v0.1.31
    Checking cpufeatures v0.2.17
    Checking form_urlencoded v1.2.2
   Compiling ahash v0.8.12
   Compiling signal-hook v0.3.18
   Compiling rustix v1.1.4
    Checking rand_core v0.9.5
   Compiling linux-raw-sys v0.12.1
    Checking signal-hook-mio v0.2.5
   Compiling semver v1.0.28
    Checking rand_core v0.10.1
   Compiling rustix v0.38.44
   Compiling getrandom v0.4.2
   Compiling rustc_version v0.4.1
    Checking num-complex v0.4.6
    Checking linux-raw-sys v0.4.15
    Checking zeroize v1.8.2
    Checking futures-util v0.3.32
    Checking phf_shared v0.12.1
    Checking regex v1.12.3
   Compiling chrono-tz v0.10.4
    Checking phf v0.12.1
    Checking crypto-common v0.1.7
    Checking block-buffer v0.10.4
    Checking arrow-schema v58.1.0
    Checking crossbeam-channel v0.5.15
    Checking byteorder v1.5.0
   Compiling paste v1.0.15
    Checking digest v0.10.7
   Compiling async-trait v0.1.89
   Compiling ring v0.17.14
    Checking simd-adler32 v0.3.9
    Checking tokio v1.51.1
   Compiling strum_macros v0.26.4
    Checking lexical-util v1.0.7
   Compiling bstr v1.12.1
    Checking itertools v0.14.0
   Compiling zstd-sys v2.0.16+zstd.1.5.7
    Checking adler2 v2.0.1
   Compiling ident_case v1.0.1
   Compiling strsim v0.11.1
    Checking zerofrom v0.1.7
    Checking miniz_oxide v0.8.9
    Checking ppv-lite86 v0.2.21
    Checking half v2.7.1
    Checking yoke v0.8.2
    Checking lexical-parse-integer v1.0.6
    Checking lexical-write-integer v1.0.6
    Checking zerovec v0.11.6
    Checking zerotrie v0.2.4
    Checking rand_chacha v0.9.0
    Checking arrow-buffer v58.1.0
    Checking arrayvec v0.7.6
    Checking crossterm v0.28.1
   Compiling zstd-safe v7.2.4
    Checking lexical-parse-float v1.0.6
    Checking lexical-write-float v1.0.6
   Compiling tempfile v3.27.0
   Compiling flatbuffers v25.12.19
    Checking tinystr v0.8.3
    Checking potential_utf v0.1.5
    Checking rand v0.9.4
    Checking arrow-data v58.1.0
   Compiling tinyvec_macros v0.1.1
    Checking lexical-core v1.0.6
    Checking icu_collections v2.2.0
    Checking icu_locale_core v2.2.0
    Checking flate2 v1.1.9
   Compiling tinyvec v1.11.0
    Checking atoi v2.0.0
    Checking csv-core v0.1.13
   Compiling gix-trace v0.1.19
    Checking icu_provider v2.2.0
    Checking csv v1.4.0
   Compiling unicode-normalization v0.1.25
   Compiling gix-validate v0.10.1
    Checking icu_normalizer v2.2.0
    Checking icu_properties v2.2.0
    Checking chrono v0.4.44
    Checking twox-hash v2.1.2
   Compiling httparse v1.10.1
   Compiling gix-utils v0.3.2
    Checking simdutf8 v0.1.5
    Checking sha2 v0.10.9
    Checking futures-executor v0.3.32
    Checking idna_adapter v1.2.1
   Compiling zlib-rs v0.5.5
   Compiling gix-path v0.10.22
    Checking hashbrown v0.14.5
   Compiling prodash v30.0.1
    Checking lz4_flex v0.13.1
    Checking futures v0.3.32
    Checking fnv v1.0.7
    Checking foldhash v0.1.5
    Checking idna v1.1.0
    Checking hashbrown v0.15.5
    Checking dashmap v6.1.0
   Compiling vcpkg v0.2.15
    Checking unicode-segmentation v1.13.2
    Checking uuid v1.23.0
    Checking url v2.5.8
    Checking tracing v0.1.44
    Checking humantime v2.3.0
   Compiling sqlparser_derive v0.5.0
   Compiling cmake v0.1.58
   Compiling dunce v1.0.5
   Compiling gix-features v0.45.2
   Compiling fs_extra v1.3.0
    Checking fixedbitset v0.5.7
    Checking http-body v1.0.1
    Checking tokio-util v0.7.18
   Compiling hash32 v0.3.1
    Checking rustls-pki-types v1.14.0
   Compiling aws-lc-rs v1.16.3
    Checking tower-service v0.3.3
    Checking crossbeam-epoch v0.9.18
    Checking try-lock v0.2.5
    Checking atomic-waker v1.1.2
    Checking arrayref v0.3.9
    Checking openssl-probe v0.2.1
    Checking untrusted v0.9.0
    Checking want v0.3.1
   Compiling faster-hex v0.10.0
   Compiling sha1 v0.10.6
    Checking datafusion-doc v53.1.0
    Checking strum v0.26.3
    Checking jiff v0.2.24
   Compiling rustls v0.23.38
    Checking httpdate v1.0.3
   Compiling sha1-checked v0.10.0
    Checking h2 v0.4.14
    Checking http-body-util v0.1.3
    Checking ipnet v2.12.0
    Checking comfy-table v7.1.2
    Checking sync_wrapper v1.0.2
   Compiling gix-hash v0.21.2
    Checking unicase v2.9.0
    Checking tower-layer v0.3.3
   Compiling aws-lc-sys v0.40.0
    Checking webpki-roots v1.0.7
    Checking petgraph v0.8.3
   Compiling datafusion-macros v53.1.0
    Checking tower v0.5.3
    Checking rustls-native-certs v0.8.3
   Compiling darling_core v0.20.11
    Checking sqlparser v0.61.0
   Compiling blake3 v1.8.5
   Compiling gix-date v0.12.1
   Compiling winnow v0.7.15
   Compiling darling_macro v0.20.11
   Compiling prost-derive v0.14.3
   Compiling gix-hashtable v0.11.0
    Checking async-compression v0.4.19
   Compiling darling_core v0.23.0
   Compiling filetime v0.2.27
    Checking constant_time_eq v0.4.2
    Checking hex v0.4.3
    Checking iri-string v0.7.12
    Checking mime v0.3.17
   Compiling mime_guess v2.0.5
   Compiling darling_macro v0.23.0
   Compiling gix-actor v0.37.1
    Checking blake2 v0.10.6
    Checking md-5 v0.10.6
    Checking tower-http v0.6.8
   Compiling memmap2 v0.9.10
    Checking hyper v1.9.0
   Compiling gix-object v0.54.1
    Checking bytemuck v1.25.0
    Checking arrow-array v58.1.0
   Compiling darling v0.20.11
   Compiling openssl-sys v0.9.116
   Compiling signal-hook v0.4.4
   Compiling derive_builder_core v0.20.2
   Compiling prettyplease v0.2.37
   Compiling portable-atomic v1.13.1
   Compiling derive_builder_macro v0.20.2
   Compiling gix-fs v0.18.2
    Checking serde_urlencoded v0.7.1
    Checking hyper-util v0.1.20
   Compiling serde_derive_internals v0.29.1
   Compiling darling v0.23.0
    Checking parking v2.2.1
    Checking crossbeam-deque v0.8.6
   Compiling gix-chunk v0.4.12
    Checking encoding_rs v0.8.35
   Compiling rayon-core v1.13.0
    Checking arrow-select v58.1.0
    Checking arrow-arith v58.1.0
    Checking arrow-row v58.1.0
   Compiling gix-tempfile v20.0.1
   Compiling gix-quote v0.6.2
    Checking nom v8.0.0
   Compiling openssl v0.10.80
    Checking base64ct v1.8.3
    Checking foreign-types-shared v0.1.1
    Checking dyn-clone v1.0.20
    Checking pem-rfc7468 v0.7.0
    Checking foreign-types v0.3.2
   Compiling prost v0.14.3
   Compiling gix-glob v0.23.0
   Compiling openssl-macros v0.1.1
   Compiling pin-project-internal v1.1.11
   Compiling native-tls v0.2.18
   Compiling gix-lock v20.0.1
   Compiling ref-cast v1.0.25
   Compiling time-core v0.1.8
   Compiling num-conv v0.2.1
    Checking object_store v0.13.2
    Checking arrow-ord v58.1.0
    Checking arrow-string v58.1.0
   Compiling prost-types v0.14.3
    Checking der v0.7.10
   Compiling gix-commitgraph v0.31.0
    Checking tokio-stream v0.1.18
   Compiling ref-cast-impl v1.0.25
   Compiling multimap v0.10.1
    Checking option-ext v0.2.0
   Compiling unicode-bom v2.0.3
   Compiling prost-build v0.14.3
    Checking rayon v1.12.0
    Checking spki v0.7.3
    Checking arrow-cast v58.1.0
   Compiling schemars_derive v1.2.1
   Compiling tree-sitter-language v0.1.7
   Compiling static_assertions v1.1.0
    Checking pkcs8 v0.10.2
    Checking spin v0.9.8
   Compiling kstring v2.0.2
   Compiling gix-revwalk v0.25.0
    Checking lazy_static v1.5.0
   Compiling serde_with_macros v3.18.0
   Compiling gix-attributes v0.29.0
    Checking arrow-json v58.1.0
    Checking arrow-csv v58.1.0
   Compiling gix-sec v0.12.2
    Checking glob v0.3.3
   Compiling gix-ref v0.57.0
    Checking datafusion-common-runtime v53.1.0
   Compiling gix-config-value v0.16.0
   Compiling maybe-async v0.2.10
    Checking concurrent-queue v2.5.0
   Compiling camino v1.2.2
    Checking pin-project v1.1.11
   Compiling shell-words v1.1.1
    Checking event-listener v5.4.1
   Compiling gix-command v0.6.5
   Compiling gix-traverse v0.51.1
   Compiling gix-packetline v0.20.0
   Compiling gix-bitmap v0.2.16
    Checking itertools v0.13.0
    Checking num_cpus v1.17.0
   Compiling bigdecimal v0.4.10
   Compiling syn v1.0.109
    Checking bitflags v1.3.2
    Checking tokio-native-tls v0.3.1
   Compiling gix-pathspec v0.14.0
   Compiling gix-index v0.45.1
    Checking event-listener-strategy v0.5.4
    Checking hyper-tls v0.6.0
   Compiling gix-ignore v0.18.0
    Checking signature v2.2.0
    Checking schemars v1.2.1
   Compiling cargo-platform v0.3.3
    Checking num-rational v0.4.2
   Compiling onig_sys v69.9.1
    Checking ordered-float v5.3.0
    Checking fast-float2 v0.2.3
    Checking ethnum v1.5.3
    Checking jsonb v0.5.6
   Compiling cargo_metadata v0.23.1
    Checking serde_with v3.18.0
   Compiling gix-url v0.34.0
    Checking powerfmt v0.2.0
    Checking unsafe-libyaml v0.2.11
    Checking deranged v0.5.8
   Compiling deepsize_derive v0.1.2
   Compiling gix-discover v0.45.0
    Checking serde_yaml v0.9.34+deprecated
   Compiling gix-filter v0.24.1
    Checking async-lock v3.4.2
   Compiling gix-worktree v0.46.0
   Compiling gix-revision v0.39.0
   Compiling time-macros v0.2.27
   Compiling clru v0.6.3
   Compiling imara-diff v0.1.8
   Compiling vergen-lib v9.1.0
   Compiling snafu-derive v0.9.0
    Checking tagptr v0.2.0
    Checking encoding_index_tests v0.1.4
    Checking num_threads v0.1.7
   Compiling gix-dir v0.19.0
    Checking moka v0.12.15
   Compiling gix-diff v0.57.1
   Compiling gix-pack v0.64.1
   Compiling gix-refspec v0.35.0
    Checking deepsize v0.2.0
   Compiling gix-transport v0.52.1
    Checking time v0.3.47
   Compiling gix-config v0.50.0
   Compiling gix-shallow v0.7.0
    Checking object_store v0.12.5
   Compiling derive_builder v0.20.2
    Checking roaring v0.11.4
    Checking hmac v0.12.1
   Compiling curve25519-dalek v4.1.3
    Checking arc-swap v1.9.1
   Compiling vergen v9.1.0
   Compiling strum_macros v0.27.2
   Compiling zlib-rs v0.6.3
    Checking utf8parse v0.2.2
    Checking mock_instant v0.6.0
    Checking rustc-hash v2.1.2
   Compiling gix-status v0.24.0
    Checking anstyle-parse v1.0.0
   Compiling gix-protocol v0.55.0
   Compiling gix-odb v0.74.0
   Compiling xattr v1.6.1
    Checking ff v0.13.1
   Compiling vergen-gix v9.1.0
   Compiling gix-submodule v0.24.0
    Checking snafu v0.9.0
    Checking anstyle-query v1.1.5
    Checking base16ct v0.2.0
    Checking colorchoice v1.0.5
    Checking anstyle v1.0.14
    Checking is_terminal_polyfill v1.70.2
    Checking group v0.13.0
   Compiling tar v0.4.45
    Checking sec1 v0.7.3
    Checking anstream v1.0.0
    Checking hkdf v0.12.4
    Checking ed25519 v2.2.3
   Compiling convert_case v0.10.0
    Checking crypto-bigint v0.5.5
    Checking castaway v0.2.4
   Compiling equator-macro v0.4.2
   Compiling lz4-sys v1.11.1+lz4-1.10.0
    Checking alloc-no-stdlib v2.0.4
   Compiling unicode-xid v0.2.6
    Checking clap_lex v1.1.0
   Compiling derive_more-impl v2.1.1
    Checking ed25519-dalek v2.2.0
    Checking alloc-stdlib v0.2.2
    Checking clap_builder v4.6.0
   Compiling phf_shared v0.13.1
    Checking sharded-slab v0.1.7
    Checking elliptic-curve v0.13.8
   Compiling gix v0.77.0
    Checking dirs-sys v0.4.1
    Checking tracing-serde v0.2.0
    Checking strum v0.27.2
    Checking rand_chacha v0.3.1
   Compiling clap_derive v4.6.0
   Compiling serde_repr v0.1.20
   Compiling snafu-derive v0.8.9
    Checking tracing-log v0.2.0
    Checking num-iter v0.1.45
    Checking matchers v0.2.0
   Compiling matrixmultiply v0.3.10
    Checking thread_local v1.1.9
    Checking nu-ansi-term v0.50.3
   Compiling io-uring v0.7.12
   Compiling seq-macro v0.3.6
   Compiling virtue v0.0.18
    Checking tracing-subscriber v0.3.23
   Compiling bincode_derive v2.0.1
    Checking equator v0.4.2
    Checking rand v0.8.5
    Checking aligned-vec v0.6.4
   Compiling phf_generator v0.13.1
    Checking brotli-decompressor v5.0.0
    Checking rfc6979 v0.4.0
    Checking encoding-index-simpchinese v1.20141219.5
    Checking encoding-index-japanese v1.20141219.5
    Checking encoding-index-tradchinese v1.20141219.5
    Checking encoding-index-korean v1.20141219.5
    Checking encoding-index-singlebyte v1.20141219.5
   Compiling lance-encoding v6.0.0
    Checking fdeflate v0.3.7
    Checking thread-tree v0.3.3
    Checking console v0.16.3
    Checking lru v0.16.3
    Checking quick-xml v0.38.4
    Checking color_quant v1.1.0
   Compiling pulldown-cmark v0.13.3
    Checking linked-hash-map v0.5.6
    Checking unty v0.0.4
    Checking quick-error v2.0.1
    Checking rawpointer v0.2.1
   Compiling num-bigint-dig v0.8.6
   Compiling rustls-webpki v0.103.12
    Checking std_prelude v0.2.12
    Checking unit-prefix v0.5.2
    Checking stfu8 v0.2.7
   Compiling object v0.37.3
    Checking bincode v2.0.1
    Checking path_abs v0.5.1
    Checking indicatif v0.18.4
    Checking yaml-rust v0.4.5
    Checking plist v1.8.0
    Checking encoding v0.2.33
    Checking ecdsa v0.16.9
    Checking brotli v8.0.2
   Compiling phf_codegen v0.13.1
    Checking v_frame v0.3.9
    Checking lance-bitpacking v6.0.0
    Checking primeorder v0.13.6
   Compiling lance-file v6.0.0
    Checking dirs-sys v0.5.0
    Checking encoding_rs_io v0.1.7
    Checking fsst v6.0.0
   Compiling libsqlite3-sys v0.36.0
    Checking hyperloglogplus v0.4.1
    Checking derive_more v2.1.1
    Checking bincode v1.3.3
    Checking getopts v0.2.24
   Compiling async-recursion v1.1.1
    Checking clap v4.6.0
    Checking as-slice v0.2.1
    Checking snafu v0.8.9
   Compiling crunchy v0.2.4
    Checking fallible-iterator v0.3.0
    Checking gimli v0.32.3
    Checking yada v0.5.1
    Checking xxhash-rust v0.8.15
    Checking bit-vec v0.8.0
   Compiling litrs v1.0.0
   Compiling radium v0.7.0
    Checking fallible-streaming-iterator v0.1.9
    Checking zune-core v0.5.1
    Checking fixedbitset v0.4.2
    Checking md5 v0.8.0
   Compiling av-scenechange v0.14.1
    Checking pulldown-cmark-escape v0.11.0
    Checking weezl v0.1.12
   Compiling built v0.8.0
    Checking zune-jpeg v0.5.15
    Checking petgraph v0.6.5
   Compiling document-features v0.2.12
    Checking lindera-dictionary v0.44.1
   Compiling rav1e v0.8.1
    Checking addr2line v0.25.1
    Checking bit-set v0.8.0
    Checking aligned v0.4.3
    Checking phf v0.13.1
    Checking dirs v6.0.0
    Checking random_word v0.5.2
   Compiling jieba-macros v0.9.0
    Checking ndarray v0.16.1
   Compiling webpki-roots v0.26.11
    Checking kanaria v0.2.0
    Checking pkcs1 v0.7.5
   Compiling lance-table v6.0.0
   Compiling lance-datafusion v6.0.0
    Checking rgb v0.8.53
    Checking rand_distr v0.5.1
   Compiling socks v0.3.4
    Checking rand_xoshiro v0.7.0
    Checking fs2 v0.4.3
   Compiling profiling-procmacros v1.0.18
   Compiling arg_enum_proc_macro v0.3.4
   Compiling lance-linalg v6.0.0
    Checking no_std_io2 v0.9.4
    Checking cedarwood v0.4.6
    Checking rustc-demangle v0.1.27
    Checking is_executable v1.0.5
    Checking unicode-blocks v0.1.9
   Compiling schemars v0.8.22
   Compiling pastey v0.1.1
    Checking tap v1.0.1
    Checking byteorder-lite v0.1.0
    Checking y4m v0.8.0
   Compiling fst v0.4.7
    Checking wyz v0.5.1
    Checking image-webp v0.2.4
    Checking clap_complete v4.6.3
    Checking lindera v0.44.1
    Checking backtrace v0.3.76
    Checking jieba-rs v0.9.0
    Checking bitstream-io v4.10.0
    Checking rsa v0.9.10
   Compiling ureq v2.12.1
    Checking crossterm v0.29.0
    Checking fancy-regex v0.17.0
    Checking gif v0.14.2
    Checking p256 v0.13.2
    Checking p384 v0.13.1
    Checking av1-grain v0.2.5
    Checking profiling v1.0.18
   Compiling tokio-rustls v0.26.4
    Checking directories v5.0.1
    Checking compact_str v0.9.0
    Checking simple_asn1 v0.6.4
   Compiling octocrab v0.50.0
    Checking maybe-rayon v0.1.1
   Compiling lance-index v6.0.0
   Compiling schemars_derive v0.8.22
    Checking rust-stemmers v1.2.0
    Checking toml_datetime v0.6.3
    Checking serde_spanned v0.6.9
    Checking inout v0.1.4
    Checking chacha20 v0.10.0
    Checking serde_path_to_error v0.1.20
    Checking os_pipe v1.2.3
    Checking stdio-override v0.2.0
   Compiling strum_macros v0.28.0
   Compiling num-derive v0.4.2
    Checking pem v3.0.6
    Checking hashlink v0.11.0
   Compiling simd_helpers v0.1.0
    Checking imgref v1.12.1
   Compiling thiserror v1.0.69
   Compiling toon_rust v0.1.1 (https://github.com/Dicklesworthstone/toon_rust.git?rev=788589d#788589d7)
   Compiling beads_rust v0.1.14 (https://github.com/getspur/beads_rust?rev=beff256b491e20508eab0319b23547ff145cfd04#beff256b)
    Checking utf8-ranges v1.0.5
    Checking funty v2.0.0
    Checking winnow v0.5.40
   Compiling noop_proc_macro v0.3.0
   Compiling rmcp v1.5.0
    Checking new_debug_unreachable v1.0.6
    Checking rangemap v1.7.1
   Compiling bumpalo v3.20.2
    Checking toml_edit v0.20.2
    Checking bitvec v1.0.1
   Compiling zopfli v0.8.3
    Checking lz4 v1.28.1
    Checking lance-tokenizer v6.0.0
    Checking loop9 v0.1.5
    Checking jsonwebtoken v10.4.0
    Checking rand v0.10.1
    Checking cipher v0.4.4
   Compiling hyper-rustls v0.27.9
    Checking bitpacking v0.9.3
   Compiling ort-sys v2.0.0-rc.9
    Checking async-channel v2.5.0
   Compiling lance v6.0.0
    Checking hyper-timeout v0.5.2
    Checking futures-lite v2.6.1
   Compiling rmcp-macros v1.5.0
    Checking sse-stream v0.2.2
    Checking avif-serialize v0.8.9
    Checking zune-inflate v0.2.54
    Checking universal-hash v0.5.1
    Checking secrecy v0.10.3
   Compiling thiserror-impl v1.0.69
    Checking crossbeam-queue v0.3.12
    Checking pxfm v0.1.28
    Checking lebe v0.5.3
   Compiling esaxx-rs v0.1.10
    Checking web-time v1.1.0
    Checking bit_field v0.10.3
    Checking opaque-debug v0.3.1
   Compiling macro_rules_attribute-proc_macro v0.2.2
    Checking minimal-lexical v0.2.1
   Compiling pastey v0.2.1
    Checking fax v0.2.7
    Checking moxcms v0.8.1
    Checking polyval v0.6.2
    Checking exr v1.74.0
    Checking nom v7.1.3
    Checking tiff v0.11.3
    Checking strum v0.28.0
    Checking macro_rules_attribute v0.2.2
    Checking agent-client-protocol-schema v0.12.0
    Checking futures-concurrency v7.7.1
    Checking toml v0.8.2
   Compiling reqwest v0.12.28
   Compiling zip v6.0.0
    Checking png v0.18.1
    Checking sysinfo v0.30.13
    Checking qoi v0.4.1
    Checking crossbeam-skiplist v0.1.3
    Checking jsonrpcmsg v0.1.2
    Checking uluru v3.1.0
    Checking console v0.15.11
   Compiling monostate-impl v0.1.18
   Compiling agent-client-protocol-derive v0.11.0
    Checking number_prefix v0.4.0
    Checking async_cell v0.2.3
    Checking permutation v0.4.1
    Checking base64 v0.13.1
    Checking indicatif v0.17.11
    Checking ravif v0.13.0
    Checking spm_precompiled v0.1.4
    Checking monostate v0.1.18
    Checking ghash v0.5.1
    Checking image v0.25.10
    Checking ctr v0.9.2
    Checking aes v0.8.4
    Checking tracing-appender v0.2.4
    Checking dirs v5.0.1
    Checking rayon-cond v0.4.0
   Compiling tree-sitter v0.25.10
    Checking file-rotate v0.8.0
    Checking dary_heap v0.3.9
    Checking fs4 v0.13.1
    Checking aead v0.5.2
   Compiling tree-sitter-bash v0.25.1
   Compiling tree-sitter-md v0.5.3
   Compiling tree-sitter-typescript v0.23.2
   Compiling tree-sitter-lua v0.5.0
   Compiling tree-sitter-rust v0.24.2
   Compiling tree-sitter-c v0.24.2
   Compiling tree-sitter-cpp v0.23.4
   Compiling tree-sitter-python v0.25.0
    Checking ordered-float v2.10.1
    Checking unicode-normalization-alignments v0.1.12
    Checking integer-encoding v3.0.4
   Compiling rust_decimal v1.41.0
    Checking unicode_categories v0.1.1
    Checking onig v6.5.1
    Checking aes-gcm v0.10.3
    Checking thrift v0.17.0
    Checking syntect v5.3.0
    Checking tokenizers v0.21.4
   Compiling libduckdb-sys v1.10502.0
    Checking ort v2.0.0-rc.9
    Checking rich_rust v0.2.1
   Compiling spur-license v1.6.0 (/home/admin/spur/worktrees/s3-verify/crates/spur-license)
    Checking globset v0.4.18
    Checking hostname v0.4.2
    Checking machine-uid v0.5.4
    Checking streaming-iterator v0.1.9
    Checking ignore v0.4.25
    Checking hashlink v0.10.0
    Checking seahash v4.1.0
    Checking cast v0.3.0
   Compiling indoc v2.0.7
    Checking core_maths v0.1.1
   Compiling slotmap v1.1.1
   Compiling winnow v1.0.1
    Checking float-cmp v0.9.0
    Checking axum-core v0.5.6
    Checking ttf-parser v0.25.1
   Compiling memoffset v0.6.5
    Checking strict-num v0.1.1
    Checking adler32 v1.2.0
   Compiling toml_parser v1.1.2+spec-1.1.0
    Checking matchit v0.8.4
    Checking roxmltree v0.20.0
   Compiling toml_datetime v1.1.1+spec-1.1.0
   Compiling instability v0.3.12
    Checking axum v0.8.9
    Checking tiny-skia-path v0.11.4
   Compiling toml_edit v0.25.11+spec-1.1.0
    Checking fontconfig-parser v0.5.8
    Checking kurbo v0.13.0
   Compiling rstest_macros v0.26.1
   Compiling num-rational v0.3.2
    Checking unicode-properties v0.1.4
    Checking unicode-script v0.5.8
    Checking unicode-width v0.1.14
    Checking unicode-bidi-mirroring v0.4.0
    Checking unicode-ccc v0.4.0
   Compiling proc-macro-crate v3.5.0
    Checking deflate v0.8.6
    Checking miniz_oxide v0.3.7
    Checking unicode-truncate v1.1.0
    Checking svgtypes v0.16.1
    Checking rustybuzz v0.20.1
    Checking fontdb v0.23.0
    Checking png v0.17.16
    Checking compact_str v0.8.1
    Checking lru v0.12.5
    Checking unicode-truncate v2.0.1
    Checking kasuari v0.4.12
    Checking simplecss v0.2.2
    Checking roxmltree v0.21.1
   Compiling relative-path v1.9.3
    Checking unicode-vo v0.1.0
    Checking md5 v0.7.0
    Checking imagesize v0.14.0
    Checking xmlwriter v0.1.0
    Checking data-url v0.3.2
    Checking unicode-bidi v0.3.18
    Checking pico-args v0.5.0
    Checking cassowary v0.3.0
    Checking tiny-skia v0.11.4
    Checking ratatui-core v0.1.0
    Checking png v0.16.8
    Checking nix v0.22.3
    Checking gethostname v0.2.3
   Compiling serde_yml v0.0.12
    Checking usvg v0.46.0
    Checking yansi v1.0.1
    Checking futures-timer v3.0.3
    Checking outref v0.5.2
   Compiling ratatui-image v9.0.0
    Checking vsimd v0.8.0
    Checking diff v0.1.13
    Checking ucd-trie v0.1.7
    Checking image v0.23.14
    Checking ansi-to-tui v8.0.1
    Checking libyml v0.0.5
    Checking ratatui v0.29.0
    Checking json5 v1.3.1
    Checking pretty_assertions v1.4.1
    Checking base64-simd v0.8.0
    Checking ascii-dag v0.9.1
    Checking icy_sixel v0.1.3
   Compiling spur-telemetry v1.6.0 (/home/admin/spur/worktrees/s3-verify/crates/spur-telemetry)
    Checking resvg v0.46.0
   Compiling bon-macros v3.9.1
    Checking nucleo-matcher v0.3.1
   Compiling spur-cli v1.6.0 (/home/admin/spur/worktrees/s3-verify/crates/spur-cli)
    Checking spur-test-madsim v1.6.0 (/home/admin/spur/worktrees/s3-verify/crates/spur-test-madsim)
    Checking x11rb v0.9.0
    Checking xtask v1.6.0 (/home/admin/spur/worktrees/s3-verify/xtask)
    Checking mermaid-rs-renderer v0.2.2
    Checking mermaid-text v0.56.0
    Checking tui-textarea v0.7.0
    Checking arboard v2.1.1
    Checking zstd v0.13.3
    Checking arrow-ipc v58.1.0
    Checking arrow v58.1.0
    Checking lance-arrow v6.0.0
    Checking parquet v58.1.0
    Checking datafusion-common v53.1.0
    Checking lance-datagen v6.0.0
    Checking lance-testing v6.0.0
    Checking rstest v0.26.1
    Checking bon v3.9.1
    Checking tui-markdown v0.3.7
    Checking datafusion-expr-common v53.1.0
    Checking datafusion-physical-expr-common v53.1.0
    Checking datafusion-functions-window-common v53.1.0
    Checking datafusion-functions-aggregate-common v53.1.0
    Checking datafusion-expr v53.1.0
    Checking datafusion-physical-expr v53.1.0
    Checking datafusion-execution v53.1.0
    Checking datafusion-functions v53.1.0
    Checking datafusion-functions-aggregate v53.1.0
    Checking datafusion-optimizer v53.1.0
    Checking datafusion-functions-window v53.1.0
    Checking datafusion-physical-plan v53.1.0
    Checking datafusion-physical-expr-adapter v53.1.0
    Checking datafusion-functions-nested v53.1.0
    Checking datafusion-sql v53.1.0
    Checking lance-core v6.0.0
    Checking datafusion-session v53.1.0
    Checking datafusion-datasource v53.1.0
    Checking datafusion-catalog v53.1.0
    Checking datafusion-pruning v53.1.0
    Checking datafusion-physical-optimizer v53.1.0
    Checking datafusion-datasource-csv v53.1.0
    Checking datafusion-datasource-arrow v53.1.0
    Checking datafusion-datasource-json v53.1.0
    Checking rusqlite v0.38.0
    Checking rustls-platform-verifier v0.6.2
    Checking reqwest v0.13.2
    Checking datafusion-functions-table v53.1.0
    Checking datafusion-catalog-listing v53.1.0
    Checking lance-namespace-reqwest-client v0.7.7
    Checking hf-hub v0.4.3
    Checking licenseseat v0.5.3
    Checking fastembed v4.9.1
    Checking frankenstein v0.49.0
    Checking spur-license-admin v1.6.0 (/home/admin/spur/worktrees/s3-verify/crates/spur-license-admin)
    Checking lance-namespace v6.0.0
    Checking lance-io v6.0.0
    Checking agent-client-protocol v0.11.1
    Checking datafusion v53.1.0
    Checking spur-pm v1.6.0 (/home/admin/spur/worktrees/s3-verify/crates/spur-pm)
    Checking spur-acp v1.6.0 (/home/admin/spur/worktrees/s3-verify/crates/spur-acp)
    Checking spur-blob-store v1.6.0 (/home/admin/spur/worktrees/s3-verify/crates/spur-blob-store)
    Checking spur-worktree v1.6.0 (/home/admin/spur/worktrees/s3-verify/crates/spur-worktree)
    Checking spur-cost v1.6.0 (/home/admin/spur/worktrees/s3-verify/crates/spur-cost)
    Checking lance-namespace-impls v6.0.0
    Checking lancedb v0.29.0
    Checking spur-graph v1.6.0 (/home/admin/spur/worktrees/s3-verify/crates/spur-graph)
[build] Remote step exited 255 and VM spur-builder is now MISSING — likely spot preemption mid-build. Re-spinning + re-syncing and retrying (attempt 2/2)...
[build] VM spur-builder missing — spinning a fresh one...
[build] Launching spot m7gd.4xlarge in ap-northeast-1d (ami=ami-0725817735ef292c0 subnet=subnet-084556618a7dd1c2e sg=sg-056a0dc02772781fa)...
[build] AWS: spot launch unavailable in ap-northeast-1d; trying next AZ if available.
[build] Launching spot m7gd.4xlarge in ap-northeast-1a (ami=ami-0725817735ef292c0 subnet=subnet-00171678d01636a46 sg=sg-056a0dc02772781fa)...
[build] AWS: spot launch unavailable in ap-northeast-1a; trying next AZ if available.
[build] Launching spot m7gd.4xlarge in ap-northeast-1c (ami=ami-0725817735ef292c0 subnet=subnet-0b76a43199bde358e sg=sg-056a0dc02772781fa)...
[build] Launched i-0406d803bae198035; waiting for running + SSM online + startup-script...
[build] Waiting for SSM agent to come online on i-0406d803bae198035...
[build] Waiting for SSH-over-SSM on i-0406d803bae198035...
[build] Waiting for startup-script to finish (golden AMI ≈1-2 min; base AMI cold path ≈10 min)...
startup-script complete
[build] SSH transport: SSH-over-SSM (instance i-0406d803bae198035)
[build] Enumerating git-tracked files...
[build]   2658 files
[build] Syncing to i-0406d803bae198035:~/spur/worktrees/s3-verify ...
[build] Re-stamping 3112 synced path(s) to VM clock...
[build] Reconciling remote workspace (pruning locally-deleted files)...
[prune] no prior manifest for this worktree; seeding baseline (no prune on first run)
[build] Configuring remote git auth for private getspur/spur deps...
[build] Running: cargo --config build.rustflags=\[\"-Ctarget-cpu=neoverse-v1\"\,\"-Ctarget-feature=+lse\"\,\"-Clinker=clang\"\,\"-Clink-arg=-fuse-ld=/mnt/cargo/rust-lld-driver/ld.lld\"\] clippy --workspace -- -D warnings  -j16  provider-rustflags=-Ctarget-cpu=neoverse-v1 -Ctarget-feature=+lse -Clinker=clang -Clink-arg=-fuse-ld=/mnt/cargo/rust-lld-driver/ld.lld
info: syncing channel updates for 1.94.1-aarch64-unknown-linux-gnu
info: latest update on 2026-03-26 for version 1.94.1 (e408947bf 2026-03-25)
info: downloading 5 components
    Updating crates.io index
    Updating git repository `https://github.com/getspur/beads_rust`
    Updating git repository `https://github.com/Dicklesworthstone/toon_rust.git`
 Downloading crates ...
  Downloaded agent-client-protocol-derive v0.11.0
  Downloaded adler32 v1.2.0
  Downloaded aead v0.5.2
  Downloaded async_cell v0.2.3
  Downloaded cfg-if v1.0.4
  Downloaded cipher v0.4.4
  Downloaded bit-set v0.8.0
  Downloaded dunce v1.0.5
  Downloaded ed25519 v2.2.3
  Downloaded faster-hex v0.10.0
  Downloaded fixedbitset v0.4.2
  Downloaded gix-command v0.6.5
  Downloaded gix-glob v0.23.0
  Downloaded httparse v1.10.1
  Downloaded idna_adapter v1.2.1
  Downloaded lance-bitpacking v6.0.0
  Downloaded lindera-cc-cedict v0.44.1
  Downloaded hyperloglogplus v0.4.1
  Downloaded memoffset v0.6.5
  Downloaded mock_instant v0.6.0
  Downloaded noop_proc_macro v0.3.0
  Downloaded phf_shared v0.12.1
  Downloaded pkg-config v0.3.32
  Downloaded rand_core v0.6.4
  Downloaded ravif v0.13.0
  Downloaded rfc6979 v0.4.0
  Downloaded rangemap v1.7.1
  Downloaded sha1 v0.10.6
  Downloaded std_prelude v0.2.12
  Downloaded stable_deref_trait v1.2.1
  Downloaded tinyvec_macros v0.1.1
  Downloaded toml_datetime v0.6.3
  Downloaded toml_datetime v1.1.1+spec-1.1.0
  Downloaded tracing-serde v0.2.0
  Downloaded unicode-bidi-mirroring v0.4.0
  Downloaded unty v0.0.4
  Downloaded unicode-vo v0.1.0
  Downloaded xmlwriter v0.1.0
  Downloaded zstd-safe v7.2.4
  Downloaded zune-core v0.5.1
  Downloaded zune-inflate v0.2.54
  Downloaded url v2.5.8
  Downloaded zune-jpeg v0.5.15
  Downloaded webpki-roots v0.26.11
  Downloaded zopfli v0.8.3
  Downloaded zmij v1.0.21
  Downloaded yaml-rust v0.4.5
  Downloaded unicode-segmentation v1.13.2
  Downloaded tree-sitter-python v0.25.0
  Downloaded tree-sitter-md v0.5.3
  Downloaded unicode-width v0.2.0
  Downloaded tree-sitter-typescript v0.23.2
  Downloaded webpki-roots v1.0.7
  Downloaded winnow v0.7.15
  Downloaded zerotrie v0.2.4
  Downloaded zlib-rs v0.6.3
  Downloaded tree-sitter-bash v0.25.1
  Downloaded spm_precompiled v0.1.4
  Downloaded zerocopy v0.8.48
  Downloaded zip v6.0.0
  Downloaded yansi v1.0.1
  Downloaded zerovec v0.11.6
  Downloaded jsonb v0.5.6
  Downloaded tracing v0.1.44
  Downloaded libc v0.2.184
  Downloaded zerocopy-derive v0.8.48
  Downloaded winnow v1.0.1
  Downloaded fst v0.4.7
  Downloaded zlib-rs v0.5.5
  Downloaded sha1-checked v0.10.0
  Downloaded winnow v0.5.40
  Downloaded x11rb v0.9.0
  Downloaded vcpkg v0.2.15
  Downloaded sqlparser v0.61.0
  Downloaded jiff v0.2.24
  Downloaded tree-sitter-rust v0.24.2
  Downloaded unicode-width v0.1.14
  Downloaded lance v6.0.0
  Downloaded ratatui v0.29.0
  Downloaded onig_sys v69.9.1
  Downloaded zstd-sys v2.0.16+zstd.1.5.7
  Downloaded ttf-parser v0.25.1
  Downloaded rustix v1.1.4
  Downloaded zeroize_derive v1.4.3
  Downloaded yoke-derive v0.8.2
  Downloaded y4m v0.8.0
  Downloaded unicode-normalization-alignments v0.1.12
  Downloaded tree-sitter-cpp v0.23.4
  Downloaded zerovec-derive v0.11.3
  Downloaded zeroize v1.8.2
  Downloaded zerofrom-derive v0.1.7
  Downloaded zerofrom v0.1.7
  Downloaded yoke v0.8.2
  Downloaded yada v0.5.1
  Downloaded web-time v1.1.0
  Downloaded rich_rust v0.2.1
  Downloaded tree-sitter-c v0.24.2
  Downloaded tokio v1.51.1
  Downloaded tiff v0.6.1
  Downloaded wasm-bindgen-shared v0.2.118
  Downloaded rav1e v0.8.1
  Downloaded wasm-bindgen-macro-support v0.2.118
  Downloaded usvg v0.46.0
  Downloaded ring v0.17.14
  Downloaded unicode-normalization v0.1.25
  Downloaded rustls v0.23.38
  Downloaded rustix v0.38.44
  Downloaded weezl v0.1.12
  Downloaded ureq v2.12.1
  Downloaded tree-sitter v0.25.10
  Downloaded mermaid-text v0.56.0
  Downloaded unicode_categories v0.1.1
  Downloaded typenum v1.19.0
  Downloaded tracing-subscriber v0.3.23
  Downloaded tiny-skia v0.11.4
  Downloaded syntect v5.3.0
  Downloaded vergen-gix v9.1.0
  Downloaded vergen v9.1.0
  Downloaded uuid v1.23.0
  Downloaded utf8-ranges v1.0.5
  Downloaded time v0.3.47
  Downloaded tiff v0.11.3
  Downloaded writeable v0.6.3
  Downloaded wasm-bindgen v0.2.118
  Downloaded v_frame v0.3.9
  Downloaded utf8parse v0.2.2
  Downloaded utf8_iter v1.0.4
  Downloaded unicode-bidi v0.3.18
  Downloaded tokenizers v0.21.4
  Downloaded tar v0.4.45
  Downloaded syn v2.0.117
  Downloaded syn v1.0.109
  Downloaded octocrab v0.50.0
  Downloaded zstd v0.13.3
  Downloaded xxhash-rust v0.8.15
  Downloaded wyz v0.5.1
  Downloaded walkdir v2.5.0
  Downloaded vsimd v0.8.0
  Downloaded virtue v0.0.18
  Downloaded unsafe-libyaml v0.2.11
  Downloaded unicode-truncate v1.1.0
  Downloaded unicode-script v0.5.8
  Downloaded unicode-properties v0.1.4
  Downloaded tui-textarea v0.7.0
  Downloaded tower-http v0.6.8
  Downloaded tokio-util v0.7.18
  Downloaded sysinfo v0.30.13
  Downloaded snafu v0.9.0
  Downloaded snafu v0.8.9
  Downloaded serde v1.0.228
  Downloaded rustybuzz v0.20.1
  Downloaded rust-stemmers v1.2.0
  Downloaded xattr v1.6.1
  Downloaded wasm-bindgen-macro v0.2.118
  Downloaded want v0.3.1
  Downloaded version_check v0.9.5
  Downloaded vergen-lib v9.1.0
  Downloaded untrusted v0.9.0
  Downloaded unicode-xid v0.2.6
  Downloaded unicode-truncate v2.0.1
  Downloaded unicode-ident v1.0.24
  Downloaded ucd-trie v0.1.7
  Downloaded twox-hash v2.1.2
  Downloaded tui-markdown v0.3.7
  Downloaded try-lock v0.2.5
  Downloaded serde_with v3.18.0
  Downloaded unicase v2.9.0
  Downloaded rust_decimal v1.41.0
  Downloaded rusqlite v0.38.0
  Downloaded rmcp v1.5.0
  Downloaded universal-hash v0.5.1
  Downloaded unit-prefix v0.5.2
  Downloaded unicode-ccc v0.4.0
  Downloaded unicode-bom v2.0.3
  Downloaded unicode-blocks v0.1.9
  Downloaded uluru v3.1.0
  Downloaded tower-layer v0.3.3
  Downloaded tower v0.5.3
  Downloaded tokio-stream v0.1.18
  Downloaded tokio-rustls v0.26.4
  Downloaded tokio-native-tls v0.3.1
  Downloaded tokio-macros v2.7.0
  Downloaded tiny-skia-path v0.11.4
  Downloaded serde_yml v0.0.12
  Downloaded serde_json v1.0.149
  Downloaded rstest_macros v0.26.1
  Downloaded rsa v0.9.10
  Downloaded roaring v0.11.4
  Downloaded regex-syntax v0.8.10
  Downloaded regex-automata v0.4.14
  Downloaded regex v1.12.3
  Downloaded rayon-core v1.13.0
  Downloaded tree-sitter-lua v0.5.0
  Downloaded tree-sitter-language v0.1.7
  Downloaded tracing-core v0.1.36
  Downloaded tracing-attributes v0.1.31
  Downloaded tracing-appender v0.2.4
  Downloaded toml_edit v0.25.11+spec-1.1.0
  Downloaded toml_edit v0.20.2
  Downloaded tinyvec v1.11.0
  Downloaded tiny-keccak v2.0.2
  Downloaded time-macros v0.2.27
  Downloaded time-core v0.1.8
  Downloaded thiserror-impl v1.0.69
  Downloaded thiserror v2.0.18
  Downloaded thiserror v1.0.69
  Downloaded terminal_size v0.4.4
  Downloaded tempfile v3.27.0
  Downloaded tap v1.0.1
  Downloaded tagptr v0.2.0
  Downloaded synstructure v0.13.2
  Downloaded sync_wrapper v1.0.2
  Downloaded svgtypes v0.16.1
  Downloaded subtle v2.6.1
  Downloaded strum_macros v0.28.0
  Downloaded strum_macros v0.27.2
  Downloaded strum_macros v0.26.4
  Downloaded strum v0.28.0
  Downloaded strum v0.27.2
  Downloaded strum v0.26.3
  Downloaded strict-num v0.1.1
  Downloaded signal-hook v0.4.4
  Downloaded reqwest v0.13.2
  Downloaded quick-xml v0.38.4
  Downloaded qoi v0.4.1
  Downloaded pxfm v0.1.28
  Downloaded icy_sixel v0.1.3
  Downloaded tracing-log v0.2.0
  Downloaded tower-service v0.3.3
  Downloaded toml_parser v1.1.2+spec-1.1.0
  Downloaded toml v0.8.2
  Downloaded strsim v0.11.1
  Downloaded socket2 v0.6.3
  Downloaded snafu-derive v0.9.0
  Downloaded jieba-rs v0.9.0
  Downloaded snafu-derive v0.8.9
  Downloaded smallvec v1.15.1
  Downloaded slotmap v1.1.1
  Downloaded slab v0.4.12
  Downloaded siphasher v1.0.2
  Downloaded simplecss v0.2.2
  Downloaded simple_asn1 v0.6.4
  Downloaded simdutf8 v0.1.5
  Downloaded simd_helpers v0.1.0
  Downloaded simd-adler32 v0.3.9
  Downloaded signature v2.2.0
  Downloaded sharded-slab v0.1.7
  Downloaded serde_derive v1.0.228
  Downloaded quinn-proto v0.11.14
  Downloaded prettyplease v0.2.37
  Downloaded portable-atomic v1.13.1
  Downloaded petgraph v0.8.3
  Downloaded petgraph v0.6.5
  Downloaded parquet v58.1.0
  Downloaded lance-encoding v6.0.0
  Downloaded thrift v0.17.0
  Downloaded stfu8 v0.2.7
  Downloaded sha2 v0.10.9
  Downloaded serde_yaml v0.9.34+deprecated
  Downloaded serde_core v1.0.228
  Downloaded seq-macro v0.3.6
  Downloaded semver v1.0.28
  Downloaded secrecy v0.10.3
  Downloaded reqwest v0.12.28
  Downloaded quinn v0.11.9
  Downloaded png v0.18.1
  Downloaded p384 v0.13.1
  Downloaded linux-raw-sys v0.12.1
  Downloaded aws-lc-sys v0.40.0
  Downloaded tinystr v0.8.3
  Downloaded thread_local v1.1.9
  Downloaded thiserror-impl v2.0.18
  Downloaded spki v0.7.3
  Downloaded spin v0.9.8
  Downloaded serde_with_macros v3.18.0
  Downloaded rustc-demangle v0.1.27
  Downloaded rstest v0.26.1
  Downloaded roxmltree v0.21.1
  Downloaded roxmltree v0.20.0
  Downloaded rmcp-macros v1.5.0
  Downloaded rkyv_derive v0.7.46
  Downloaded rayon v1.12.0
  Downloaded pretty_assertions v1.4.1
  Downloaded png v0.17.16
  Downloaded thread-tree v0.3.3
  Downloaded streaming-iterator v0.1.9
  Downloaded stdio-override v0.2.0
  Downloaded static_assertions v1.1.0
  Downloaded signal-hook v0.3.18
  Downloaded serde_urlencoded v0.7.1
  Downloaded schemars v1.2.1
  Downloaded rkyv v0.7.46
  Downloaded relative-path v1.9.3
  Downloaded rayon-cond v0.4.0
  Downloaded ratatui-core v0.1.0
  Downloaded openssl v0.10.80
  Downloaded object_store v0.12.5
  Downloaded object v0.37.3
  Downloaded ndarray v0.16.1
  Downloaded mermaid-rs-renderer v0.2.2
  Downloaded linux-raw-sys v0.4.15
  Downloaded lancedb v0.29.0
  Downloaded sse-stream v0.2.2
  Downloaded libsqlite3-sys v0.36.0
  Downloaded sqlparser_derive v0.5.0
  Downloaded socks v0.3.4
  Downloaded signal-hook-registry v1.4.8
  Downloaded shlex v1.3.0
  Downloaded shell-words v1.1.1
  Downloaded serde_path_to_error v0.1.20
  Downloaded serde_derive_internals v0.29.1
  Downloaded schemars v0.9.0
  Downloaded schemars v0.8.22
  Downloaded ryu v1.0.23
  Downloaded rustls-webpki v0.103.12
  Downloaded resvg v0.46.0
  Downloaded rend v0.4.2
  Downloaded ref-cast-impl v1.0.25
  Downloaded ref-cast v1.0.25
  Downloaded object_store v0.13.2
  Downloaded num-bigint-dig v0.8.6
  Downloaded signal-hook-mio v0.2.5
  Downloaded sec1 v0.7.3
  Downloaded seahash v4.1.0
  Downloaded schemars_derive v1.2.1
  Downloaded schemars_derive v0.8.22
  Downloaded rustversion v1.0.22
  Downloaded rustls-platform-verifier v0.6.2
  Downloaded rustls-pki-types v1.14.0
  Downloaded rustls-native-certs v0.8.3
  Downloaded rand_distr v0.5.1
  Downloaded rand_core v0.9.5
  Downloaded rand v0.9.4
  Downloaded pulldown-cmark v0.13.3
  Downloaded nix v0.22.3
  Downloaded moka v0.12.15
  Downloaded serde_spanned v0.6.9
  Downloaded serde_repr v0.1.20
  Downloaded scopeguard v1.2.0
  Downloaded same-file v1.0.6
  Downloaded rustc_version v0.4.1
  Downloaded rustc-hash v2.1.2
  Downloaded rgb v0.8.53
  Downloaded ratatui-image v9.0.0
  Downloaded rand v0.10.1
  Downloaded quinn-udp v0.5.14
  Downloaded primeorder v0.13.6
  Downloaded minimal-lexical v0.2.1
  Downloaded lz4-sys v1.11.1+lz4-1.10.0
  Downloaded lance-index v6.0.0
  Downloaded libduckdb-sys v1.10502.0
  Downloaded rand v0.8.5
  Downloaded quick-error v2.0.1
  Downloaded pulldown-cmark-escape v0.11.0
  Downloaded proc-macro2 v1.0.106
  Downloaded proc-macro-crate v3.5.0
  Downloaded png v0.16.8
  Downloaded phf_codegen v0.13.1
  Downloaded moxcms v0.8.1
  Downloaded lance-namespace-impls v6.0.0
  Downloaded jpeg-decoder v0.1.22
  Downloaded ascii-dag v0.9.1
  Downloaded rawpointer v0.2.1
  Downloaded rand_xoshiro v0.7.0
  Downloaded prodash v30.0.1
  Downloaded ppv-lite86 v0.2.21
  Downloaded powerfmt v0.2.0
  Downloaded potential_utf v0.1.5
  Downloaded polyval v0.6.2
  Downloaded phf v0.13.1
  Downloaded permutation v0.4.1
  Downloaded percent-encoding v2.3.2
  Downloaded pem v3.0.6
  Downloaded path_abs v0.5.1
  Downloaded pastey v0.2.1
  Downloaded pastey v0.1.1
  Downloaded paste v1.0.15
  Downloaded parking_lot_core v0.9.12
  Downloaded parking_lot v0.12.5
  Downloaded parking v2.2.1
  Downloaded p256 v0.13.2
  Downloaded lance-table v6.0.0
  Downloaded lance-namespace-reqwest-client v0.7.7
  Downloaded lance-linalg v6.0.0
  Downloaded lance-io v6.0.0
  Downloaded jieba-macros v0.9.0
  Downloaded io-uring v0.7.12
  Downloaded indicatif v0.18.4
  Downloaded indexmap v2.14.0
  Downloaded rand_core v0.10.1
  Downloaded rand_chacha v0.9.0
  Downloaded rand_chacha v0.3.1
  Downloaded radium v0.7.0
  Downloaded quote v1.0.45
  Downloaded prost-types v0.14.3
  Downloaded prost-build v0.14.3
  Downloaded phf v0.12.1
  Downloaded pem-rfc7468 v0.7.0
  Downloaded ort v2.0.0-rc.9
  Downloaded num_cpus v1.17.0
  Downloaded num-traits v0.2.19
  Downloaded num-rational v0.4.2
  Downloaded num-rational v0.3.2
  Downloaded num-derive v0.4.2
  Downloaded num-conv v0.2.1
  Downloaded num-complex v0.4.6
  Downloaded nom v8.0.0
  Downloaded nom v7.1.3
  Downloaded libm v0.2.16
  Downloaded lexical-parse-float v1.0.6
  Downloaded itertools v0.14.0
  Downloaded itertools v0.13.0
  Downloaded iri-string v0.7.12
  Downloaded indicatif v0.17.11
  Downloaded imara-diff v0.1.8
  Downloaded image-webp v0.2.4
  Downloaded ptr_meta_derive v0.1.4
  Downloaded ptr_meta v0.1.4
  Downloaded prost-derive v0.14.3
  Downloaded prost v0.14.3
  Downloaded profiling-procmacros v1.0.18
  Downloaded profiling v1.0.18
  Downloaded plist v1.8.0
  Downloaded pkcs1 v0.7.5
  Downloaded pin-project v1.1.11
  Downloaded ort-sys v2.0.0-rc.9
  Downloaded openssl-sys v0.9.116
  Downloaded number_prefix v0.4.0
  Downloaded num_threads v0.1.7
  Downloaded num-iter v0.1.45
  Downloaded num-integer v0.1.46
  Downloaded num-bigint v0.4.6
  Downloaded mio v1.2.0
  Downloaded miniz_oxide v0.8.9
  Downloaded memchr v2.8.0
  Downloaded licenseseat v0.5.3
  Downloaded lexical-write-float v1.0.6
  Downloaded lance-file v6.0.0
  Downloaded lance-datafusion v6.0.0
  Downloaded kurbo v0.13.0
  Downloaded hyper-util v0.1.20
  Downloaded pkcs8 v0.10.2
  Downloaded pin-project-lite v0.2.17
  Downloaded pin-project-internal v1.1.11
  Downloaded pico-args v0.5.0
  Downloaded phf_shared v0.13.1
  Downloaded phf_generator v0.13.1
  Downloaded outref v0.5.2
  Downloaded ordered-float v5.3.0
  Downloaded ordered-float v2.10.1
  Downloaded openssl-probe v0.2.1
  Downloaded onig v6.5.1
  Downloaded once_cell v1.21.4
  Downloaded nucleo-matcher v0.3.1
  Downloaded no_std_io2 v0.9.4
  Downloaded miniz_oxide v0.4.4
  Downloaded miniz_oxide v0.3.7
  Downloaded mime_guess v2.0.5
  Downloaded mime v0.3.17
  Downloaded matrixmultiply v0.3.10
  Downloaded lru v0.16.3
  Downloaded loop9 v0.1.5
  Downloaded log v0.4.29
  Downloaded litemap v0.8.2
  Downloaded linked-hash-map v0.5.6
  Downloaded lindera-ko-dic v0.44.1
  Downloaded lindera v0.44.1
  Downloaded libyml v0.0.5
  Downloaded lexical-util v1.0.7
  Downloaded lance-namespace v6.0.0
  Downloaded lance-core v6.0.0
  Downloaded icu_collections v2.2.0
  Downloaded hyper v1.9.0
  Downloaded gix-transport v0.52.1
  Downloaded os_pipe v1.2.3
  Downloaded option-ext v0.2.0
  Downloaded openssl-macros v0.1.1
  Downloaded opaque-debug v0.3.1
  Downloaded nu-ansi-term v0.50.3
  Downloaded native-tls v0.2.18
  Downloaded lz4_flex v0.13.1
  Downloaded lz4 v1.28.1
  Downloaded lru-slab v0.1.2
  Downloaded lru v0.12.5
  Downloaded lock_api v0.4.14
  Downloaded litrs v1.0.0
  Downloaded lindera-unidic v0.44.1
  Downloaded lindera-ipadic-neologd v0.44.1
  Downloaded lexical-write-integer v1.0.6
  Downloaded gix-pack v0.64.1
  Downloaded new_debug_unreachable v1.0.6
  Downloaded multimap v0.10.1
  Downloaded monostate-impl v0.1.18
  Downloaded monostate v0.1.18
  Downloaded memmap2 v0.9.10
  Downloaded maybe-async v0.2.10
  Downloaded matchit v0.8.4
  Downloaded lexical-parse-integer v1.0.6
  Downloaded jsonwebtoken v10.4.0
  Downloaded imagesize v0.14.0
  Downloaded image v0.25.10
  Downloaded csv v1.4.0
  Downloaded md5 v0.7.0
  Downloaded md-5 v0.10.6
  Downloaded macro_rules_attribute-proc_macro v0.2.2
  Downloaded lindera-ipadic v0.44.1
  Downloaded lindera-dictionary v0.44.1
  Downloaded lazy_static v1.5.0
  Downloaded lance-testing v6.0.0
  Downloaded lance-datagen v6.0.0
  Downloaded itoa v1.0.18
  Downloaded is_executable v1.0.5
  Downloaded ipnet v2.12.0
  Downloaded integer-encoding v3.0.4
  Downloaded indoc v2.0.7
  Downloaded indexmap v1.9.3
  Downloaded gix v0.77.0
  Downloaded md5 v0.8.0
  Downloaded maybe-rayon v0.1.1
  Downloaded random_word v0.5.2
  Downloaded matchers v0.2.0
  Downloaded macro_rules_attribute v0.2.2
  Downloaded machine-uid v0.5.4
  Downloaded lebe v0.5.3
  Downloaded lance-tokenizer v6.0.0
  Downloaded kanaria v0.2.0
  Downloaded json5 v1.3.1
  Downloaded is_terminal_polyfill v1.70.2
  Downloaded instability v0.3.12
  Downloaded inout v0.1.4
  Downloaded imgref v1.12.1
  Downloaded gix-revwalk v0.25.0
  Downloaded gix-revision v0.39.0
  Downloaded gix-hash v0.21.2
  Downloaded gimli v0.32.3
  Downloaded futures-util v0.3.32
  Downloaded futures-concurrency v7.7.1
  Downloaded frankenstein v0.49.0
  Downloaded duckdb v1.10502.0
  Downloaded lexical-core v1.0.6
  Downloaded lance-arrow v6.0.0
  Downloaded kstring v2.0.2
  Downloaded kasuari v0.4.12
  Downloaded jsonrpcmsg v0.1.2
  Downloaded jobserver v0.1.34
  Downloaded jiff-static v0.2.24
  Downloaded image v0.23.14
  Downloaded idna v1.1.0
  Downloaded icu_properties_data v2.2.0
  Downloaded iana-time-zone v0.1.65
  Downloaded hyper-tls v0.6.0
  Downloaded hyper-timeout v0.5.2
  Downloaded hyper-rustls v0.27.9
  Downloaded humantime v2.3.0
  Downloaded gix-traverse v0.51.1
  Downloaded gix-tempfile v20.0.1
  Downloaded gix-shallow v0.7.0
  Downloaded gix-refspec v0.35.0
  Downloaded gix-ref v0.57.0
  Downloaded gix-quote v0.6.2
  Downloaded gix-protocol v0.55.0
  Downloaded gix-path v0.10.22
  Downloaded gix-packetline v0.20.0
  Downloaded gix-object v0.54.1
  Downloaded gix-hashtable v0.11.0
  Downloaded getrandom v0.4.2
  Downloaded getopts v0.2.24
  Downloaded futures v0.3.32
  Downloaded ignore v0.4.25
  Downloaded icu_provider v2.2.0
  Downloaded icu_properties v2.2.0
  Downloaded icu_normalizer_data v2.2.0
  Downloaded icu_normalizer v2.2.0
  Downloaded icu_locale_core v2.2.0
  Downloaded http v1.4.0
  Downloaded hkdf v0.12.4
  Downloaded heapless v0.8.0
  Downloaded hashbrown v0.17.0
  Downloaded hashbrown v0.16.1
  Downloaded hashbrown v0.15.5
  Downloaded hashbrown v0.14.5
  Downloaded hashbrown v0.12.3
  Downloaded h2 v0.4.14
  Downloaded gix-url v0.34.0
  Downloaded gix-trace v0.1.19
  Downloaded gix-submodule v0.24.0
  Downloaded gix-status v0.24.0
  Downloaded gix-sec v0.12.2
  Downloaded gix-pathspec v0.14.0
  Downloaded gix-odb v0.74.0
  Downloaded gix-lock v20.0.1
  Downloaded gix-index v0.45.1
  Downloaded gix-ignore v0.18.0
  Downloaded gif v0.14.2
  Downloaded futures-timer v3.0.3
  Downloaded funty v2.0.0
  Downloaded encoding_rs v0.8.35
  Downloaded datafusion-physical-plan v53.1.0
  Downloaded ident_case v1.0.1
  Downloaded httpdate v1.0.3
  Downloaded http-body-util v0.1.3
  Downloaded hostname v0.4.2
  Downloaded hmac v0.12.1
  Downloaded hf-hub v0.4.3
  Downloaded hex v0.4.3
  Downloaded heck v0.5.0
  Downloaded hashlink v0.11.0
  Downloaded hashlink v0.10.0
  Downloaded hash32 v0.3.1
  Downloaded half v2.7.1
  Downloaded group v0.13.0
  Downloaded glob v0.3.3
  Downloaded gix-worktree v0.46.0
  Downloaded gix-validate v0.10.1
  Downloaded gix-utils v0.3.2
  Downloaded gix-dir v0.19.0
  Downloaded gethostname v0.2.3
  Downloaded futures-core v0.3.32
  Downloaded fontdb v0.23.0
  Downloaded exr v1.74.0
  Downloaded chrono-tz v0.10.4
  Downloaded http-body v1.0.1
  Downloaded globset v0.4.18
  Downloaded gix-fs v0.18.2
  Downloaded gix-filter v0.24.1
  Downloaded gix-features v0.45.2
  Downloaded gix-diff v0.57.1
  Downloaded gix-date v0.12.1
  Downloaded gix-config v0.50.0
  Downloaded ghash v0.5.1
  Downloaded getrandom v0.3.4
  Downloaded getrandom v0.2.17
  Downloaded generic-array v0.14.7
  Downloaded futures-task v0.3.32
  Downloaded futures-sink v0.3.32
  Downloaded futures-macro v0.3.32
  Downloaded futures-lite v2.6.1
  Downloaded futures-io v0.3.32
  Downloaded futures-executor v0.3.32
  Downloaded futures-channel v0.3.32
  Downloaded form_urlencoded v1.2.2
  Downloaded foreign-types v0.3.2
  Downloaded foldhash v0.2.0
  Downloaded flate2 v1.1.9
  Downloaded euclid v0.22.14
  Downloaded datafusion-physical-expr v53.1.0
  Downloaded datafusion-optimizer v53.1.0
  Downloaded datafusion-functions v53.1.0
  Downloaded datafusion-expr v53.1.0
  Downloaded datafusion-common v53.1.0
  Downloaded datafusion v53.1.0
  Downloaded curve25519-dalek v4.1.3
  Downloaded brotli v8.0.2
  Downloaded gix-discover v0.45.0
  Downloaded gix-config-value v0.16.0
  Downloaded gix-commitgraph v0.31.0
  Downloaded gix-chunk v0.4.12
  Downloaded gix-bitmap v0.2.16
  Downloaded gix-attributes v0.29.0
  Downloaded gix-actor v0.37.1
  Downloaded fs4 v0.13.1
  Downloaded fontconfig-parser v0.5.8
  Downloaded fax v0.2.7
  Downloaded fastembed v4.9.1
  Downloaded event-listener-strategy v0.5.4
  Downloaded esaxx-rs v0.1.10
  Downloaded encoding-index-simpchinese v1.20141219.5
  Downloaded derive_more v2.1.1
  Downloaded der v0.7.10
  Downloaded datafusion-sql v53.1.0
  Downloaded datafusion-physical-optimizer v53.1.0
  Downloaded datafusion-functions-nested v53.1.0
  Downloaded datafusion-expr-common v53.1.0
  Downloaded datafusion-datasource v53.1.0
  Downloaded crypto-bigint v0.5.5
  Downloaded crossterm v0.29.0
  Downloaded crossterm v0.28.1
  Downloaded compact_str v0.9.0
  Downloaded clap_builder v4.6.0
  Downloaded av-scenechange v0.14.1
  Downloaded fsst v6.0.0
  Downloaded fs_extra v1.3.0
  Downloaded fs2 v0.4.3
  Downloaded foreign-types-shared v0.1.1
  Downloaded foldhash v0.1.5
  Downloaded fnv v1.0.7
  Downloaded float-cmp v0.9.0
  Downloaded flatbuffers v25.12.19
  Downloaded fixedbitset v0.5.7
  Downloaded find-msvc-tools v0.1.9
  Downloaded filetime v0.2.27
  Downloaded file-rotate v0.8.0
  Downloaded ff v0.13.1
  Downloaded fdeflate v0.3.7
  Downloaded fastrand v2.4.1
  Downloaded fancy-regex v0.17.0
  Downloaded event-listener v5.4.1
  Downloaded ethnum v1.5.3
  Downloaded equivalent v1.0.2
  Downloaded equator v0.4.2
  Downloaded encoding_rs_io v0.1.7
  Downloaded encoding-index-tradchinese v1.20141219.5
  Downloaded encoding-index-japanese v1.20141219.5
  Downloaded derive_more-impl v2.1.1
  Downloaded derive_builder v0.20.2
  Downloaded deflate v0.8.6
  Downloaded datafusion-session v53.1.0
  Downloaded datafusion-pruning v53.1.0
  Downloaded datafusion-functions-window v53.1.0
  Downloaded datafusion-functions-table v53.1.0
  Downloaded datafusion-functions-aggregate v53.1.0
  Downloaded datafusion-execution v53.1.0
  Downloaded datafusion-datasource-json v53.1.0
  Downloaded datafusion-datasource-arrow v53.1.0
  Downloaded datafusion-catalog v53.1.0
  Downloaded darling_core v0.23.0
  Downloaded darling_core v0.20.11
  Downloaded darling v0.23.0
  Downloaded comfy-table v7.1.2
  Downloaded chrono v0.4.44
  Downloaded bstr v1.12.1
  Downloaded fallible-iterator v0.3.0
  Downloaded equator-macro v0.4.2
  Downloaded encoding-index-singlebyte v1.20141219.5
  Downloaded directories v5.0.1
  Downloaded digest v0.10.7
  Downloaded diff v0.1.13
  Downloaded derive_builder_macro v0.20.2
  Downloaded deranged v0.5.8
  Downloaded datafusion-physical-expr-common v53.1.0
  Downloaded datafusion-physical-expr-adapter v53.1.0
  Downloaded datafusion-macros v53.1.0
  Downloaded datafusion-functions-window-common v53.1.0
  Downloaded datafusion-datasource-csv v53.1.0
  Downloaded crc32fast v1.5.0
  Downloaded compact_str v0.8.1
  Downloaded brotli-decompressor v5.0.0
  Downloaded blake3 v1.8.5
  Downloaded bitvec v1.0.1
  Downloaded axum v0.8.9
  Downloaded aws-lc-rs v1.16.3
  Downloaded arrow-array v58.1.0
  Downloaded fast-float2 v0.2.3
  Downloaded fallible-streaming-iterator v0.1.9
  Downloaded errno v0.3.14
  Downloaded encoding_index_tests v0.1.4
  Downloaded encoding-index-korean v1.20141219.5
  Downloaded encoding v0.2.33
  Downloaded elliptic-curve v0.13.8
  Downloaded either v1.15.0
  Downloaded ed25519-dalek v2.2.0
  Downloaded dirs v5.0.1
  Downloaded deepsize_derive v0.1.2
  Downloaded deepsize v0.2.0
  Downloaded datafusion-functions-aggregate-common v53.1.0
  Downloaded datafusion-doc v53.1.0
  Downloaded datafusion-catalog-listing v53.1.0
  Downloaded dashmap v6.1.0
  Downloaded darling_macro v0.23.0
  Downloaded darling v0.20.11
  Downloaded ctr v0.9.2
  Downloaded csv-core v0.1.13
  Downloaded crossbeam-epoch v0.9.18
  Downloaded crossbeam-channel v0.5.15
  Downloaded core_maths v0.1.1
  Downloaded convert_case v0.10.0
  Downloaded constant_time_eq v0.4.2
  Downloaded const-oid v0.9.6
  Downloaded console v0.16.3
  Downloaded console v0.15.11
  Downloaded concurrent-queue v2.5.0
  Downloaded color_quant v1.1.0
  Downloaded clru v0.6.3
  Downloaded clap_lex v1.1.0
  Downloaded clap_derive v4.6.0
  Downloaded clap_complete v4.6.3
  Downloaded clap v4.6.0
  Downloaded cc v1.2.60
  Downloaded cassowary v0.3.0
  Downloaded bytes v1.11.1
  Downloaded bytemuck v1.25.0
  Downloaded bumpalo v3.20.2
  Downloaded borsh v1.6.1
  Downloaded bon-macros v3.9.1
  Downloaded bon v3.9.1
  Downloaded bitstream-io v4.10.0
  Downloaded bincode v2.0.1
  Downloaded bigdecimal v0.4.10
  Downloaded backtrace v0.3.76
  Downloaded av1-grain v0.2.5
  Downloaded async-compression v0.4.19
  Downloaded arrow-data v58.1.0
  Downloaded arrow-cast v58.1.0
  Downloaded arrow v58.1.0
  Downloaded aho-corasick v1.1.4
  Downloaded ecdsa v0.16.9
  Downloaded dyn-clone v1.0.20
  Downloaded document-features v0.2.12
  Downloaded displaydoc v0.2.5
  Downloaded dirs-sys v0.5.0
  Downloaded dirs-sys v0.4.1
  Downloaded derive_builder_core v0.20.2
  Downloaded datafusion-common-runtime v53.1.0
  Downloaded data-url v0.3.2
  Downloaded dary_heap v0.3.9
  Downloaded darling_macro v0.20.11
  Downloaded crypto-common v0.1.7
  Downloaded crunchy v0.2.4
  Downloaded crossbeam-utils v0.8.21
  Downloaded crossbeam-skiplist v0.1.3
  Downloaded crossbeam-queue v0.3.12
  Downloaded crossbeam-deque v0.8.6
  Downloaded cpufeatures v0.2.17
  Downloaded const-random-macro v0.1.16
  Downloaded const-random v0.1.18
  Downloaded colorchoice v1.0.5
  Downloaded chacha20 v0.10.0
  Downloaded cargo_metadata v0.23.1
  Downloaded built v0.8.0
  Downloaded bitpacking v0.9.3
  Downloaded bitflags v2.11.0
  Downloaded bitflags v1.3.2
  Downloaded base64ct v1.8.3
  Downloaded base64 v0.22.1
  Downloaded base64 v0.13.1
  Downloaded axum-core v0.5.6
  Downloaded arrow-buffer v58.1.0
  Downloaded anstream v1.0.0
  Downloaded ansi-to-tui v8.0.1
  Downloaded aligned-vec v0.6.4
  Downloaded ahash v0.8.12
  Downloaded ahash v0.7.8
  Downloaded agent-client-protocol-schema v0.12.0
  Downloaded dirs v6.0.0
  Downloaded cmake v0.1.58
  Downloaded cfg_aliases v0.2.1
  Downloaded castaway v0.2.4
  Downloaded cast v0.3.0
  Downloaded cargo-platform v0.3.3
  Downloaded byteorder-lite v0.1.0
  Downloaded bytecheck_derive v0.6.12
  Downloaded base64-simd v0.8.0
  Downloaded base16ct v0.2.0
  Downloaded arrow-arith v58.1.0
  Downloaded bincode v1.3.3
  Downloaded arrow-string v58.1.0
  Downloaded arrow-schema v58.1.0
  Downloaded arc-swap v1.9.1
  Downloaded cedarwood v0.4.6
  Downloaded camino v1.2.2
  Downloaded bytecheck v0.6.12
  Downloaded blake2 v0.10.6
  Downloaded bit-vec v0.8.0
  Downloaded bincode_derive v2.0.1
  Downloaded avif-serialize v0.8.9
  Downloaded atomic-waker v1.1.2
  Downloaded atoi v2.0.0
  Downloaded async-trait v0.1.89
  Downloaded async-recursion v1.1.1
  Downloaded async-channel v2.5.0
  Downloaded arrow-select v58.1.0
  Downloaded arrow-json v58.1.0
  Downloaded arrow-ipc v58.1.0
  Downloaded arrow-csv v58.1.0
  Downloaded arrayvec v0.7.6
  Downloaded arrayref v0.3.9
  Downloaded arboard v2.1.1
  Downloaded anyhow v1.0.102
  Downloaded anstyle-query v1.1.5
  Downloaded allocator-api2 v0.2.21
  Downloaded aligned v0.4.3
  Downloaded aes v0.8.4
  Downloaded byteorder v1.5.0
  Downloaded borsh-derive v1.6.1
  Downloaded block-buffer v0.10.4
  Downloaded bit_field v0.10.3
  Downloaded autocfg v1.5.0
  Downloaded async-lock v3.4.2
  Downloaded as-slice v0.2.1
  Downloaded arg_enum_proc_macro v0.3.4
  Downloaded alloc-no-stdlib v2.0.4
  Downloaded addr2line v0.25.1
  Downloaded arrow-row v58.1.0
  Downloaded arrow-ord v58.1.0
  Downloaded anstyle-parse v1.0.0
  Downloaded anstyle v1.0.14
  Downloaded alloc-stdlib v0.2.2
  Downloaded agent-client-protocol v0.11.1
  Downloaded aes-gcm v0.10.3
  Downloaded adler2 v2.0.1
  Downloaded adler v1.0.2
   Compiling proc-macro2 v1.0.106
   Compiling quote v1.0.45
   Compiling unicode-ident v1.0.24
   Compiling libc v0.2.184
    Checking cfg-if v1.0.4
    Checking memchr v2.8.0
   Compiling version_check v0.9.5
   Compiling parking_lot_core v0.9.12
   Compiling thiserror v2.0.18
   Compiling find-msvc-tools v0.1.9
   Compiling shlex v1.3.0
    Checking smallvec v1.15.1
    Checking once_cell v1.21.4
    Checking itoa v1.0.18
    Checking equivalent v1.0.2
   Compiling typenum v1.19.0
    Checking bitflags v2.11.0
   Compiling serde_core v1.0.228
   Compiling crc32fast v1.5.0
   Compiling autocfg v1.5.0
    Checking scopeguard v1.2.0
   Compiling libm v0.2.16
   Compiling serde v1.0.228
    Checking log v0.4.29
   Compiling crossbeam-utils v0.8.21
   Compiling zmij v1.0.21
   Compiling num-traits v0.2.19
    Checking lock_api v0.4.14
    Checking hashbrown v0.17.0
    Checking regex-syntax v0.8.10
    Checking aho-corasick v1.1.4
    Checking stable_deref_trait v1.2.1
    Checking bytes v1.11.1
    Checking indexmap v2.14.0
    Checking pin-project-lite v0.2.17
    Checking subtle v2.6.1
    Checking futures-core v0.3.32
   Compiling serde_json v1.0.149
    Checking allocator-api2 v0.2.21
    Checking regex-automata v0.4.14
   Compiling generic-array v0.14.7
   Compiling pkg-config v0.3.32
   Compiling rustversion v1.0.22
   Compiling heck v0.5.0
   Compiling zerocopy v0.8.48
    Checking foldhash v0.2.0
    Checking const-oid v0.9.6
    Checking futures-io v0.3.32
    Checking iana-time-zone v0.1.65
    Checking getrandom v0.2.17
    Checking errno v0.3.14
    Checking mio v1.2.0
   Compiling jobserver v0.1.34
    Checking hashbrown v0.16.1
    Checking base64 v0.22.1
   Compiling syn v2.0.117
    Checking num-integer v0.1.46
   Compiling icu_normalizer_data v2.2.0
   Compiling icu_properties_data v2.2.0
    Checking signal-hook-registry v1.4.8
    Checking rand_core v0.6.4
    Checking parking_lot v0.12.5
   Compiling cc v1.2.60
    Checking same-file v1.0.6
    Checking futures-sink v0.3.32
    Checking futures-task v0.3.32
    Checking slab v0.4.12
    Checking socket2 v0.6.3
    Checking tracing-core v0.1.36
    Checking ryu v1.0.23
    Checking walkdir v2.5.0
    Checking num-bigint v0.4.6
    Checking futures-channel v0.3.32
   Compiling getrandom v0.3.4
   Compiling fastrand v2.4.1
    Checking percent-encoding v2.3.2
    Checking cpufeatures v0.2.17
   Compiling semver v1.0.28
    Checking http v1.4.0
    Checking unicode-width v0.2.0
    Checking writeable v0.6.3
    Checking litemap v0.8.2
    Checking siphasher v1.0.2
    Checking utf8_iter v1.0.4
   Compiling heapless v0.8.0
    Checking either v1.15.0
   Compiling anyhow v1.0.102
   Compiling rustc_version v0.4.1
   Compiling thiserror-impl v2.0.18
   Compiling serde_derive v1.0.228
   Compiling zeroize_derive v1.4.3
   Compiling synstructure v0.13.2
   Compiling zerovec-derive v0.11.3
   Compiling zerocopy-derive v0.8.48
   Compiling displaydoc v0.2.5
   Compiling futures-macro v0.3.32
   Compiling tokio-macros v2.7.0
   Compiling tracing-attributes v0.1.31
    Checking form_urlencoded v1.2.2
   Compiling ahash v0.8.12
   Compiling zerofrom-derive v0.1.7
   Compiling yoke-derive v0.8.2
   Compiling signal-hook v0.3.18
   Compiling rustix v1.1.4
    Checking rand_core v0.9.5
   Compiling linux-raw-sys v0.12.1
    Checking rand_core v0.10.1
   Compiling getrandom v0.4.2
   Compiling rustix v0.38.44
    Checking signal-hook-mio v0.2.5
    Checking num-complex v0.4.6
    Checking linux-raw-sys v0.4.15
    Checking phf_shared v0.12.1
    Checking regex v1.12.3
   Compiling chrono-tz v0.10.4
    Checking phf v0.12.1
    Checking arrow-schema v58.1.0
    Checking crossterm v0.28.1
    Checking crossbeam-channel v0.5.15
   Compiling paste v1.0.15
    Checking byteorder v1.5.0
   Compiling async-trait v0.1.89
   Compiling ring v0.17.14
    Checking simd-adler32 v0.3.9
    Checking tokio v1.51.1
   Compiling strum_macros v0.26.4
    Checking lexical-util v1.0.7
   Compiling crypto-common v0.1.7
   Compiling block-buffer v0.10.4
    Checking zeroize v1.8.2
    Checking futures-util v0.3.32
   Compiling bstr v1.12.1
    Checking itertools v0.14.0
   Compiling zstd-sys v2.0.16+zstd.1.5.7
    Checking adler2 v2.0.1
   Compiling strsim v0.11.1
   Compiling ident_case v1.0.1
    Checking digest v0.10.7
    Checking lexical-write-integer v1.0.6
    Checking miniz_oxide v0.8.9
    Checking lexical-parse-integer v1.0.6
    Checking arrayvec v0.7.6
   Compiling zstd-safe v7.2.4
   Compiling tempfile v3.27.0
    Checking lexical-write-float v1.0.6
    Checking lexical-parse-float v1.0.6
   Compiling flatbuffers v25.12.19
   Compiling tinyvec_macros v0.1.1
    Checking flate2 v1.1.9
    Checking atoi v2.0.0
    Checking csv-core v0.1.13
    Checking lexical-core v1.0.6
   Compiling tinyvec v1.11.0
    Checking csv v1.4.0
   Compiling gix-trace v0.1.19
   Compiling unicode-normalization v0.1.25
   Compiling gix-validate v0.10.1
    Checking simdutf8 v0.1.5
   Compiling httparse v1.10.1
    Checking sha2 v0.10.9
    Checking futures-executor v0.3.32
    Checking tokio-util v0.7.18
   Compiling gix-path v0.10.22
    Checking ppv-lite86 v0.2.21
    Checking half v2.7.1
   Compiling gix-utils v0.3.2
    Checking futures v0.3.32
    Checking hashbrown v0.14.5
    Checking fnv v1.0.7
   Compiling prodash v30.0.1
   Compiling zlib-rs v0.5.5
    Checking zerofrom v0.1.7
    Checking rand_chacha v0.9.0
    Checking foldhash v0.1.5
   Compiling vcpkg v0.2.15
    Checking arrow-buffer v58.1.0
    Checking unicode-segmentation v1.13.2
    Checking yoke v0.8.2
    Checking dashmap v6.1.0
    Checking uuid v1.23.0
    Checking rand v0.9.4
    Checking chrono v0.4.44
    Checking hashbrown v0.15.5
   Compiling gix-features v0.45.2
    Checking humantime v2.3.0
    Checking zerovec v0.11.6
    Checking zerotrie v0.2.4
    Checking arrow-data v58.1.0
   Compiling sqlparser_derive v0.5.0
   Compiling cmake v0.1.58
   Compiling fs_extra v1.3.0
    Checking twox-hash v2.1.2
   Compiling dunce v1.0.5
    Checking fixedbitset v0.5.7
    Checking tinystr v0.8.3
    Checking potential_utf v0.1.5
    Checking http-body v1.0.1
   Compiling aws-lc-sys v0.40.0
    Checking lz4_flex v0.13.1
   Compiling hash32 v0.3.1
    Checking rustls-pki-types v1.14.0
    Checking icu_collections v2.2.0
    Checking icu_locale_core v2.2.0
   Compiling aws-lc-rs v1.16.3
    Checking tracing v0.1.44
    Checking tower-service v0.3.3
    Checking crossbeam-epoch v0.9.18
    Checking arrayref v0.3.9
    Checking try-lock v0.2.5
    Checking atomic-waker v1.1.2
    Checking openssl-probe v0.2.1
    Checking icu_provider v2.2.0
    Checking untrusted v0.9.0
    Checking want v0.3.1
    Checking h2 v0.4.14
   Compiling faster-hex v0.10.0
   Compiling sha1 v0.10.6
    Checking arrow-array v58.1.0
    Checking icu_normalizer v2.2.0
    Checking icu_properties v2.2.0
    Checking datafusion-doc v53.1.0
    Checking jiff v0.2.24
   Compiling rustls v0.23.38
    Checking strum v0.26.3
    Checking httpdate v1.0.3
   Compiling sha1-checked v0.10.0
    Checking http-body-util v0.1.3
    Checking ipnet v2.12.0
    Checking comfy-table v7.1.2
    Checking arrow-select v58.1.0
    Checking arrow-row v58.1.0
    Checking arrow-arith v58.1.0
    Checking hyper v1.9.0
    Checking idna_adapter v1.2.1
   Compiling gix-hash v0.21.2
    Checking sync_wrapper v1.0.2
    Checking unicase v2.9.0
    Checking tower-layer v0.3.3
    Checking idna v1.1.0
    Checking webpki-roots v1.0.7
    Checking arrow-ord v58.1.0
    Checking arrow-string v58.1.0
    Checking petgraph v0.8.3
    Checking hyper-util v0.1.20
    Checking url v2.5.8
   Compiling datafusion-macros v53.1.0
    Checking arrow-cast v58.1.0
    Checking tower v0.5.3
    Checking rustls-native-certs v0.8.3
   Compiling darling_core v0.20.11
   Compiling blake3 v1.8.5
   Compiling winnow v0.7.15
   Compiling gix-hashtable v0.11.0
    Checking arrow-csv v58.1.0
    Checking arrow-json v58.1.0
    Checking async-compression v0.4.19
   Compiling darling_core v0.23.0
   Compiling filetime v0.2.27
    Checking sqlparser v0.61.0
   Compiling prost-derive v0.14.3
   Compiling gix-date v0.12.1
    Checking constant_time_eq v0.4.2
    Checking mime v0.3.17
   Compiling darling_macro v0.20.11
    Checking iri-string v0.7.12
    Checking hex v0.4.3
   Compiling gix-actor v0.37.1
    Checking md-5 v0.10.6
   Compiling mime_guess v2.0.5
   Compiling darling_macro v0.23.0
   Compiling gix-object v0.54.1
    Checking blake2 v0.10.6
   Compiling memmap2 v0.9.10
    Checking tower-http v0.6.8
    Checking bytemuck v1.25.0
   Compiling openssl-sys v0.9.116
   Compiling portable-atomic v1.13.1
   Compiling prettyplease v0.2.37
   Compiling signal-hook v0.4.4
   Compiling gix-fs v0.18.2
    Checking serde_urlencoded v0.7.1
   Compiling serde_derive_internals v0.29.1
    Checking parking v2.2.1
    Checking crossbeam-deque v0.8.6
   Compiling gix-chunk v0.4.12
    Checking encoding_rs v0.8.35
   Compiling rayon-core v1.13.0
   Compiling gix-quote v0.6.2
    Checking nom v8.0.0
   Compiling openssl v0.10.80
    Checking dyn-clone v1.0.20
   Compiling gix-tempfile v20.0.1
    Checking foreign-types-shared v0.1.1
    Checking base64ct v1.8.3
   Compiling darling v0.20.11
   Compiling gix-lock v20.0.1
    Checking pem-rfc7468 v0.7.0
    Checking foreign-types v0.3.2
   Compiling gix-glob v0.23.0
   Compiling darling v0.23.0
   Compiling pin-project-internal v1.1.11
   Compiling derive_builder_core v0.20.2
   Compiling openssl-macros v0.1.1
   Compiling ref-cast v1.0.25
   Compiling time-core v0.1.8
   Compiling native-tls v0.2.18
   Compiling num-conv v0.2.1
    Checking der v0.7.10
   Compiling gix-commitgraph v0.31.0
    Checking tokio-stream v0.1.18
   Compiling ref-cast-impl v1.0.25
   Compiling derive_builder_macro v0.20.2
   Compiling multimap v0.10.1
   Compiling unicode-bom v2.0.3
    Checking option-ext v0.2.0
   Compiling gix-revwalk v0.25.0
    Checking spki v0.7.3
    Checking rayon v1.12.0
   Compiling schemars_derive v1.2.1
   Compiling tree-sitter-language v0.1.7
   Compiling static_assertions v1.1.0
    Checking pkcs8 v0.10.2
    Checking spin v0.9.8
   Compiling kstring v2.0.2
   Compiling prost v0.14.3
    Checking lazy_static v1.5.0
   Compiling serde_with_macros v3.18.0
   Compiling gix-attributes v0.29.0
   Compiling prost-types v0.14.3
   Compiling gix-sec v0.12.2
   Compiling prost-build v0.14.3
    Checking glob v0.3.3
   Compiling gix-ref v0.57.0
    Checking datafusion-common-runtime v53.1.0
   Compiling gix-config-value v0.16.0
   Compiling maybe-async v0.2.10
    Checking concurrent-queue v2.5.0
   Compiling shell-words v1.1.1
   Compiling camino v1.2.2
    Checking event-listener v5.4.1
   Compiling gix-command v0.6.5
   Compiling gix-traverse v0.51.1
   Compiling gix-packetline v0.20.0
   Compiling gix-bitmap v0.2.16
    Checking itertools v0.13.0
    Checking num_cpus v1.17.0
   Compiling bigdecimal v0.4.10
    Checking bitflags v1.3.2
    Checking tokio-native-tls v0.3.1
   Compiling syn v1.0.109
    Checking object_store v0.13.2
   Compiling gix-index v0.45.1
    Checking hyper-tls v0.6.0
    Checking event-listener-strategy v0.5.4
   Compiling gix-pathspec v0.14.0
   Compiling gix-ignore v0.18.0
    Checking signature v2.2.0
    Checking num-rational v0.4.2
   Compiling onig_sys v69.9.1
   Compiling cargo-platform v0.3.3
    Checking ordered-float v5.3.0
    Checking ethnum v1.5.3
    Checking fast-float2 v0.2.3
   Compiling gix-worktree v0.46.0
   Compiling cargo_metadata v0.23.1
    Checking pin-project v1.1.11
   Compiling gix-url v0.34.0
    Checking jsonb v0.5.6
    Checking schemars v1.2.1
    Checking unsafe-libyaml v0.2.11
    Checking powerfmt v0.2.0
   Compiling deepsize_derive v0.1.2
    Checking async-lock v3.4.2
   Compiling gix-discover v0.45.0
   Compiling gix-revision v0.39.0
    Checking deranged v0.5.8
   Compiling time-macros v0.2.27
    Checking serde_with v3.18.0
   Compiling clru v0.6.3
   Compiling imara-diff v0.1.8
   Compiling gix-filter v0.24.1
    Checking serde_yaml v0.9.34+deprecated
   Compiling vergen-lib v9.1.0
   Compiling snafu-derive v0.9.0
    Checking num_threads v0.1.7
    Checking tagptr v0.2.0
    Checking encoding_index_tests v0.1.4
   Compiling gix-diff v0.57.1
    Checking moka v0.12.15
   Compiling gix-pack v0.64.1
   Compiling gix-refspec v0.35.0
   Compiling gix-dir v0.19.0
   Compiling gix-transport v0.52.1
    Checking object_store v0.12.5
   Compiling gix-config v0.50.0
   Compiling derive_builder v0.20.2
   Compiling gix-shallow v0.7.0
    Checking roaring v0.11.4
    Checking hmac v0.12.1
    Checking deepsize v0.2.0
   Compiling curve25519-dalek v4.1.3
   Compiling arc-swap v1.9.1
   Compiling vergen v9.1.0
   Compiling strum_macros v0.27.2
    Checking mock_instant v0.6.0
    Checking time v0.3.47
   Compiling zlib-rs v0.6.3
    Checking rustc-hash v2.1.2
    Checking utf8parse v0.2.2
   Compiling gix-odb v0.74.0
   Compiling gix-submodule v0.24.0
   Compiling gix-status v0.24.0
    Checking anstyle-parse v1.0.0
   Compiling gix-protocol v0.55.0
   Compiling xattr v1.6.1
   Compiling vergen-gix v9.1.0
    Checking ff v0.13.1
    Checking anstyle v1.0.14
    Checking base16ct v0.2.0
    Checking anstyle-query v1.1.5
    Checking is_terminal_polyfill v1.70.2
    Checking colorchoice v1.0.5
    Checking group v0.13.0
   Compiling gix v0.77.0
   Compiling tar v0.4.45
    Checking sec1 v0.7.3
    Checking zstd v0.13.3
    Checking anstream v1.0.0
    Checking hkdf v0.12.4
   Compiling convert_case v0.10.0
    Checking ed25519 v2.2.3
    Checking arrow-ipc v58.1.0
    Checking crypto-bigint v0.5.5
    Checking castaway v0.2.4
   Compiling equator-macro v0.4.2
   Compiling lz4-sys v1.11.1+lz4-1.10.0
    Checking alloc-no-stdlib v2.0.4
    Checking clap_lex v1.1.0
    Checking arrow v58.1.0
    Checking lance-arrow v6.0.0
   Compiling unicode-xid v0.2.6
    Checking elliptic-curve v0.13.8
    Checking alloc-stdlib v0.2.2
    Checking clap_builder v4.6.0
    Checking datafusion-common v53.1.0
   Compiling phf_shared v0.13.1
    Checking ed25519-dalek v2.2.0
   Compiling derive_more-impl v2.1.1
    Checking sharded-slab v0.1.7
    Checking dirs-sys v0.4.1
    Checking tracing-serde v0.2.0
    Checking rand_chacha v0.3.1
   Compiling serde_repr v0.1.20
   Compiling snafu-derive v0.8.9
   Compiling clap_derive v4.6.0
    Checking tracing-log v0.2.0
    Checking num-iter v0.1.45
    Checking matchers v0.2.0
   Compiling matrixmultiply v0.3.10
    Checking datafusion-expr-common v53.1.0
   Compiling rustls-webpki v0.103.12
    Checking thread_local v1.1.9
   Compiling seq-macro v0.3.6
    Checking nu-ansi-term v0.50.3
   Compiling io-uring v0.7.12
    Checking datafusion-physical-expr-common v53.1.0
   Compiling virtue v0.0.18
    Checking datafusion-functions-aggregate-common v53.1.0
    Checking datafusion-functions-window-common v53.1.0
   Compiling bincode_derive v2.0.1
    Checking tracing-subscriber v0.3.23
    Checking datafusion-expr v53.1.0
    Checking rand v0.8.5
   Compiling phf_generator v0.13.1
    Checking brotli-decompressor v5.0.0
    Checking rfc6979 v0.4.0
    Checking snafu v0.9.0
    Checking encoding-index-korean v1.20141219.5
    Checking encoding-index-japanese v1.20141219.5
    Checking encoding-index-singlebyte v1.20141219.5
    Checking encoding-index-tradchinese v1.20141219.5
    Checking encoding-index-simpchinese v1.20141219.5
   Compiling lance-encoding v6.0.0
    Checking datafusion-physical-expr v53.1.0
    Checking datafusion-execution v53.1.0
    Checking fdeflate v0.3.7
    Checking thread-tree v0.3.3
    Checking console v0.16.3
    Checking equator v0.4.2
    Checking lru v0.16.3
    Checking quick-xml v0.38.4
    Checking std_prelude v0.2.12
   Compiling num-bigint-dig v0.8.6
    Checking datafusion-functions v53.1.0
    Checking datafusion-functions-aggregate v53.1.0
    Checking aligned-vec v0.6.4
    Checking rawpointer v0.2.1
    Checking strum v0.27.2
    Checking linked-hash-map v0.5.6
    Checking color_quant v1.1.0
    Checking unty v0.0.4
   Compiling pulldown-cmark v0.13.3
   Compiling object v0.37.3
    Checking quick-error v2.0.1
    Checking unit-prefix v0.5.2
    Checking stfu8 v0.2.7
    Checking bincode v2.0.1
    Checking datafusion-physical-plan v53.1.0
    Checking datafusion-physical-expr-adapter v53.1.0
    Checking datafusion-functions-nested v53.1.0
    Checking indicatif v0.18.4
    Checking path_abs v0.5.1
    Checking yaml-rust v0.4.5
    Checking plist v1.8.0
    Checking v_frame v0.3.9
    Checking encoding v0.2.33
    Checking brotli v8.0.2
    Checking ecdsa v0.16.9
   Compiling phf_codegen v0.13.1
    Checking datafusion-sql v53.1.0
    Checking lz4 v1.28.1
    Checking lance-bitpacking v6.0.0
    Checking primeorder v0.13.6
   Compiling lance-file v6.0.0
    Checking datafusion-session v53.1.0
    Checking dirs-sys v0.5.0
    Checking encoding_rs_io v0.1.7
    Checking fsst v6.0.0
   Compiling libsqlite3-sys v0.36.0
    Checking bincode v1.3.3
    Checking lance-core v6.0.0
    Checking datafusion-datasource v53.1.0
    Checking hyperloglogplus v0.4.1
    Checking getopts v0.2.24
   Compiling async-recursion v1.1.1
    Checking as-slice v0.2.1
    Checking fallible-streaming-iterator v0.1.9
   Compiling radium v0.7.0
    Checking clap v4.6.0
    Checking datafusion-catalog v53.1.0
    Checking datafusion-pruning v53.1.0
    Checking weezl v0.1.12
    Checking gimli v0.32.3
    Checking fixedbitset v0.4.2
    Checking pulldown-cmark-escape v0.11.0
   Compiling av-scenechange v0.14.1
    Checking zune-core v0.5.1
    Checking fallible-iterator v0.3.0
    Checking bit-vec v0.8.0
   Compiling litrs v1.0.0
    Checking xxhash-rust v0.8.15
   Compiling crunchy v0.2.4
   Compiling built v0.8.0
    Checking yada v0.5.1
    Checking md5 v0.8.0
    Checking bit-set v0.8.0
   Compiling document-features v0.2.12
    Checking addr2line v0.25.1
    Checking zune-jpeg v0.5.15
   Compiling rav1e v0.8.1
    Checking lindera-dictionary v0.44.1
    Checking petgraph v0.6.5
    Checking datafusion-catalog-listing v53.1.0
    Checking datafusion-functions-table v53.1.0
    Checking datafusion-physical-optimizer v53.1.0
    Checking aligned v0.4.3
    Checking datafusion-datasource-json v53.1.0
    Checking snafu v0.8.9
    Checking datafusion-datasource-csv v53.1.0
    Checking datafusion-datasource-arrow v53.1.0
    Checking phf v0.13.1
    Checking random_word v0.5.2
    Checking dirs v6.0.0
   Compiling jieba-macros v0.9.0
    Checking ndarray v0.16.1
    Checking datafusion-functions-window v53.1.0
    Checking datafusion-optimizer v53.1.0
   Compiling toon_rust v0.1.1 (https://github.com/Dicklesworthstone/toon_rust.git?rev=788589d#788589d7)
    Checking derive_more v2.1.1
   Compiling webpki-roots v0.26.11
    Checking kanaria v0.2.0
   Compiling lance-datafusion v6.0.0
   Compiling lance-table v6.0.0
    Checking pkcs1 v0.7.5
    Checking rgb v0.8.53
    Checking rand_distr v0.5.1
   Compiling socks v0.3.4
    Checking rand_xoshiro v0.7.0
   Compiling arg_enum_proc_macro v0.3.4
   Compiling profiling-procmacros v1.0.18
   Compiling lance-linalg v6.0.0
    Checking fs2 v0.4.3
    Checking cedarwood v0.4.6
    Checking no_std_io2 v0.9.4
   Compiling schemars v0.8.22
    Checking byteorder-lite v0.1.0
    Checking is_executable v1.0.5
    Checking tap v1.0.1
    Checking unicode-blocks v0.1.9
    Checking rustc-demangle v0.1.27
    Checking y4m v0.8.0
   Compiling fst v0.4.7
   Compiling pastey v0.1.1
    Checking backtrace v0.3.76
    Checking image-webp v0.2.4
    Checking wyz v0.5.1
    Checking lindera v0.44.1
    Checking clap_complete v4.6.3
    Checking bitstream-io v4.10.0
    Checking jieba-rs v0.9.0
    Checking lance-datagen v6.0.0
   Compiling ureq v2.12.1
    Checking rsa v0.9.10
    Checking datafusion v53.1.0
    Checking crossterm v0.29.0
    Checking fancy-regex v0.17.0
    Checking gif v0.14.2
    Checking p384 v0.13.1
    Checking p256 v0.13.2
    Checking av1-grain v0.2.5
   Compiling tokio-rustls v0.26.4
    Checking directories v5.0.1
   Compiling beads_rust v0.1.14 (https://github.com/getspur/beads_rust?rev=beff256b491e20508eab0319b23547ff145cfd04#beff256b)
    Checking compact_str v0.9.0
    Checking simple_asn1 v0.6.4
   Compiling octocrab v0.50.0
   Compiling lance-index v6.0.0
    Checking maybe-rayon v0.1.1
   Compiling schemars_derive v0.8.22
    Checking toml_datetime v0.6.3
    Checking serde_spanned v0.6.9
    Checking rust-stemmers v1.2.0
    Checking inout v0.1.4
    Checking chacha20 v0.10.0
   Compiling strum_macros v0.28.0
   Compiling num-derive v0.4.2
    Checking hashlink v0.11.0
    Checking pem v3.0.6
   Compiling simd_helpers v0.1.0
    Checking stdio-override v0.2.0
    Checking os_pipe v1.2.3
    Checking serde_path_to_error v0.1.20
   Compiling noop_proc_macro v0.3.0
   Compiling thiserror v1.0.69
    Checking profiling v1.0.18
    Checking new_debug_unreachable v1.0.6
   Compiling rmcp v1.5.0
    Checking utf8-ranges v1.0.5
    Checking rangemap v1.7.1
    Checking funty v2.0.0
    Checking winnow v0.5.40
    Checking imgref v1.12.1
   Compiling bumpalo v3.20.2
    Checking bitvec v1.0.1
    Checking loop9 v0.1.5
    Checking onig v6.5.1
    Checking toml_edit v0.20.2
   Compiling zopfli v0.8.3
    Checking rusqlite v0.38.0
    Checking jsonwebtoken v10.4.0
    Checking lance-tokenizer v6.0.0
    Checking rand v0.10.1
    Checking cipher v0.4.4
   Compiling hyper-rustls v0.27.9
    Checking syntect v5.3.0
    Checking bitpacking v0.9.3
   Compiling ort-sys v2.0.0-rc.9
    Checking async-channel v2.5.0
   Compiling lance v6.0.0
   Compiling rmcp-macros v1.5.0
    Checking futures-lite v2.6.1
    Checking hyper-timeout v0.5.2
    Checking sse-stream v0.2.2
    Checking avif-serialize v0.8.9
    Checking rich_rust v0.2.1
    Checking universal-hash v0.5.1
    Checking secrecy v0.10.3
    Checking zune-inflate v0.2.54
   Compiling thiserror-impl v1.0.69
    Checking crossbeam-queue v0.3.12
    Checking fax v0.2.7
    Checking web-time v1.1.0
   Compiling esaxx-rs v0.1.10
    Checking bit_field v0.10.3
    Checking pxfm v0.1.28
    Checking lebe v0.5.3
   Compiling pastey v0.2.1
    Checking opaque-debug v0.3.1
    Checking minimal-lexical v0.2.1
   Compiling macro_rules_attribute-proc_macro v0.2.2
    Checking exr v1.74.0
    Checking polyval v0.6.2
    Checking tiff v0.11.3
    Checking nom v7.1.3
    Checking moxcms v0.8.1
    Checking futures-concurrency v7.7.1
   Compiling reqwest v0.12.28
    Checking toml v0.8.2
   Compiling zip v6.0.0
    Checking macro_rules_attribute v0.2.2
    Checking png v0.18.1
    Checking sysinfo v0.30.13
    Checking qoi v0.4.1
    Checking crossbeam-skiplist v0.1.3
    Checking jsonrpcmsg v0.1.2
    Checking ravif v0.13.0
    Checking uluru v3.1.0
    Checking console v0.15.11
   Compiling agent-client-protocol-derive v0.11.0
   Compiling monostate-impl v0.1.18
    Checking async_cell v0.2.3
    Checking permutation v0.4.1
    Checking number_prefix v0.4.0
    Checking base64 v0.13.1
    Checking image v0.25.10
   Compiling libduckdb-sys v1.10502.0
    Checking indicatif v0.17.11
    Checking spm_precompiled v0.1.4
    Checking ghash v0.5.1
    Checking strum v0.28.0
    Checking ctr v0.9.2
    Checking aes v0.8.4
    Checking tracing-appender v0.2.4
    Checking agent-client-protocol-schema v0.12.0
    Checking dirs v5.0.1
    Checking monostate v0.1.18
    Checking rayon-cond v0.4.0
   Compiling tree-sitter v0.25.10
    Checking file-rotate v0.8.0
    Checking dary_heap v0.3.9
    Checking aead v0.5.2
    Checking fs4 v0.13.1
   Compiling tree-sitter-rust v0.24.2
   Compiling tree-sitter-typescript v0.23.2
   Compiling tree-sitter-c v0.24.2
   Compiling tree-sitter-bash v0.25.1
   Compiling tree-sitter-md v0.5.3
   Compiling tree-sitter-python v0.25.0
   Compiling tree-sitter-cpp v0.23.4
   Compiling tree-sitter-lua v0.5.0
    Checking ordered-float v2.10.1
    Checking unicode-normalization-alignments v0.1.12
   Compiling rust_decimal v1.41.0
    Checking integer-encoding v3.0.4
    Checking unicode_categories v0.1.1
    Checking thrift v0.17.0
    Checking tokenizers v0.21.4
    Checking aes-gcm v0.10.3
   Compiling spur-license v1.6.0 (/home/admin/spur/worktrees/s3-verify/crates/spur-license)
    Checking ort v2.0.0-rc.9
    Checking lance-testing v6.0.0
    Checking globset v0.4.18
    Checking hostname v0.4.2
    Checking machine-uid v0.5.4
    Checking streaming-iterator v0.1.9
    Checking ignore v0.4.25
    Checking parquet v58.1.0
    Checking hashlink v0.10.0
    Checking cast v0.3.0
    Checking seahash v4.1.0
   Compiling indoc v2.0.7
    Checking core_maths v0.1.1
   Compiling slotmap v1.1.1
    Checking float-cmp v0.9.0
   Compiling winnow v1.0.1
    Checking axum-core v0.5.6
   Compiling memoffset v0.6.5
   Compiling instability v0.3.12
    Checking ttf-parser v0.25.1
   Compiling toml_datetime v1.1.1+spec-1.1.0
    Checking strict-num v0.1.1
    Checking adler32 v1.2.0
    Checking matchit v0.8.4
    Checking roxmltree v0.20.0
    Checking kurbo v0.13.0
   Compiling rstest_macros v0.26.1
    Checking tiny-skia-path v0.11.4
   Compiling num-rational v0.3.2
   Compiling toml_parser v1.1.2+spec-1.1.0
    Checking axum v0.8.9
    Checking unicode-script v0.5.8
    Checking fontconfig-parser v0.5.8
    Checking unicode-properties v0.1.4
    Checking unicode-bidi-mirroring v0.4.0
    Checking unicode-width v0.1.14
    Checking unicode-ccc v0.4.0
    Checking svgtypes v0.16.1
   Compiling toml_edit v0.25.11+spec-1.1.0
    Checking miniz_oxide v0.3.7
    Checking fontdb v0.23.0
    Checking deflate v0.8.6
    Checking png v0.17.16
    Checking compact_str v0.8.1
    Checking rustybuzz v0.20.1
    Checking lru v0.12.5
    Checking unicode-truncate v2.0.1
    Checking unicode-truncate v1.1.0
    Checking kasuari v0.4.12
    Checking simplecss v0.2.2
    Checking roxmltree v0.21.1
   Compiling proc-macro-crate v3.5.0
    Checking cassowary v0.3.0
    Checking data-url v0.3.2
    Checking imagesize v0.14.0
    Checking pico-args v0.5.0
    Checking unicode-vo v0.1.0
    Checking unicode-bidi v0.3.18
    Checking md5 v0.7.0
   Compiling relative-path v1.9.3
    Checking xmlwriter v0.1.0
    Checking ratatui-core v0.1.0
    Checking tiny-skia v0.11.4
    Checking png v0.16.8
    Checking nix v0.22.3
    Checking gethostname v0.2.3
   Compiling serde_yml v0.0.12
    Checking vsimd v0.8.0
    Checking yansi v1.0.1
    Checking futures-timer v3.0.3
    Checking usvg v0.46.0
    Checking ucd-trie v0.1.7
    Checking diff v0.1.13
    Checking outref v0.5.2
   Compiling ratatui-image v9.0.0
    Checking image v0.23.14
    Checking libyml v0.0.5
    Checking icy_sixel v0.1.3
    Checking ansi-to-tui v8.0.1
    Checking ascii-dag v0.9.1
   Compiling spur-telemetry v1.6.0 (/home/admin/spur/worktrees/s3-verify/crates/spur-telemetry)
    Checking json5 v1.3.1
    Checking pretty_assertions v1.4.1
    Checking base64-simd v0.8.0
   Compiling bon-macros v3.9.1
    Checking resvg v0.46.0
    Checking nucleo-matcher v0.3.1
    Checking x11rb v0.9.0
   Compiling spur-cli v1.6.0 (/home/admin/spur/worktrees/s3-verify/crates/spur-cli)
    Checking spur-test-madsim v1.6.0 (/home/admin/spur/worktrees/s3-verify/crates/spur-test-madsim)
    Checking xtask v1.6.0 (/home/admin/spur/worktrees/s3-verify/xtask)
    Checking mermaid-text v0.56.0
    Checking mermaid-rs-renderer v0.2.2
    Checking arboard v2.1.1
    Checking ratatui v0.29.0
    Checking tui-textarea v0.7.0
    Checking rustls-platform-verifier v0.6.2
    Checking reqwest v0.13.2
    Checking lance-namespace-reqwest-client v0.7.7
    Checking hf-hub v0.4.3
    Checking licenseseat v0.5.3
    Checking fastembed v4.9.1
    Checking lance-namespace v6.0.0
    Checking agent-client-protocol v0.11.1
    Checking lance-io v6.0.0
    Checking bon v3.9.1
    Checking spur-pm v1.6.0 (/home/admin/spur/worktrees/s3-verify/crates/spur-pm)
    Checking frankenstein v0.49.0
    Checking spur-license-admin v1.6.0 (/home/admin/spur/worktrees/s3-verify/crates/spur-license-admin)
    Checking rstest v0.26.1
    Checking tui-markdown v0.3.7
    Checking lance-namespace-impls v6.0.0
    Checking lancedb v0.29.0
    Checking spur-graph v1.6.0 (/home/admin/spur/worktrees/s3-verify/crates/spur-graph)
    Checking spur-acp v1.6.0 (/home/admin/spur/worktrees/s3-verify/crates/spur-acp)
    Checking spur-blob-store v1.6.0 (/home/admin/spur/worktrees/s3-verify/crates/spur-blob-store)
    Checking spur-cost v1.6.0 (/home/admin/spur/worktrees/s3-verify/crates/spur-cost)
    Checking spur-worktree v1.6.0 (/home/admin/spur/worktrees/s3-verify/crates/spur-worktree)
    Checking duckdb v1.10502.0
    Checking spur-analyst v1.6.0 (/home/admin/spur/worktrees/s3-verify/crates/spur-analyst)
    Checking spur-context v1.6.0 (/home/admin/spur/worktrees/s3-verify/crates/spur-context)
    Checking spur-mcp v1.6.0 (/home/admin/spur/worktrees/s3-verify/crates/spur-mcp)
    Checking spur-core v1.6.0 (/home/admin/spur/worktrees/s3-verify/crates/spur-core)
    Checking spur-interactive v1.6.0 (/home/admin/spur/worktrees/s3-verify/crates/spur-interactive)
    Checking spur-tui v1.6.0 (/home/admin/spur/worktrees/s3-verify/crates/spur-tui)
    Checking spur-bot v1.6.0 (/home/admin/spur/worktrees/s3-verify/crates/spur-bot)
    Finished `dev` profile [unoptimized + debuginfo] target(s) in 3m 37s

--- sccache stats (spur/worktrees/s3-verify) ---
Compile requests                    2247
Compile requests executed           1867
Cache hits                          1849
Cache hits (Assembler)               116
Cache hits (C/C++)                   711
Cache hits (Rust)                   1022
Cache misses                          12
Cache misses (Assembler)               5
Cache misses (C/C++)                   4
Cache misses (Rust)                    3
Cache hits rate                    99.36 %
Cache hits rate (Assembler)        95.87 %
Cache hits rate (C/C++)            99.44 %
Cache hits rate (Rust)             99.71 %
Cache timeouts                         0
Cache read errors                      0
Forced recaches                        0
Cache write errors                     0
Cache errors                           0
Compilations                          12
[build] Done. target lives at i-0406d803bae198035:/mnt/cargo/targets/spur/worktrees/s3-verify — use scripts/cloud-build/fetch.sh to pull artifacts.
[build] Remote build queue: released ticket 00000000000000000166.
######## PASS  [clippy-workspace] rc=0 (928s) ########

######## START [test-spur-mcp-1] 13:10:43 ########
+ ./scripts/spur-cargo test -p spur-mcp
[spur-cargo] remote (test) → aws VM
[build] Worktree: spur/worktrees/s3-verify  (local=/Volumes/Projects/spur/.spur/worktrees/s3-verify)
[build] Remote:   ~/spur/worktrees/s3-verify   target=/mnt/cargo/targets/spur/worktrees/s3-verify   -j16
[build] Remote build queue: admitted as ticket 167 (slot 1/3).
[build] SSH transport: SSH-over-SSM (instance i-0406d803bae198035)
[build] Enumerating git-tracked files...
[build]   2658 files
[build] Syncing to i-0406d803bae198035:~/spur/worktrees/s3-verify ...
[build] Reconciling remote workspace (pruning locally-deleted files)...
[prune] no files removed locally since last sync
[build] Configuring remote git auth for private getspur/spur deps...
[build] Running: cargo --config build.rustflags=\[\"-Ctarget-cpu=neoverse-v1\"\,\"-Ctarget-feature=+lse\"\,\"-Clinker=clang\"\,\"-Clink-arg=-fuse-ld=/mnt/cargo/rust-lld-driver/ld.lld\"\] test -p spur-mcp  -j16  provider-rustflags=-Ctarget-cpu=neoverse-v1 -Ctarget-feature=+lse -Clinker=clang -Clink-arg=-fuse-ld=/mnt/cargo/rust-lld-driver/ld.lld
[build] No source content delta; capturing cargo output on VM (set SPUR_CAPTURE_FRESH_CARGO_OUTPUT=0 to stream).
test tools::base_target_round_trip::commit_round_trips ... ok
test tools::worker_tools_subset_tests::worker_signal_tools_are_not_owned_by_legacy_worker_remainder ... ok
test tools::worker_tools_subset_tests::tools_list_contains_exactly_the_compatibility_set ... ok
test tools::worker_tools_subset_tests::default_tool_registry_preserves_code_search_alias_without_advertising_it ... ok
test tools::worker_tools_subset_tests::worker_tools_list_contains_exactly_the_curated_set ... ok
test tools::worker_tools_subset_tests::analyst_worker_tools_are_not_owned_by_legacy_worker_remainder ... ok
test tools::worker_tools_subset_tests::worker_tools_list_excludes_brain_only_tools ... ok
test tools::worker_tools_subset_tests::worker_tools_list_excludes_pm_write_tools ... ok
test tools::schema_truthfulness_tests::get_issue_schema_does_not_advertise_source ... ok
test tools::tool_registry_tests::tool_registry_rejects_duplicate_tool_names ... ok
test tools::worker_tools_subset_tests::knowledge_context_pack_appears_in_worker_tools_list ... ok
test tools::schema_truthfulness_tests::update_issue_schema_does_not_advertise_source ... ok
test tools::worker_tools_subset_tests::worker_tools_list_is_a_strict_subset_of_tools_list ... ok
test tools::schema_truthfulness_tests::knowledge_context_pack_schema_matches_contract ... ok
test tools::schema_truthfulness_tests::code_search_schema_uses_query_not_selector_or_legacy_symbol ... ok
test tools::schema_truthfulness_tests::knowledge_context_pack_2_schema_matches_contract ... ok
test tools::schema_truthfulness_tests::recover_orphaned_dispatch_appears_in_tools_list ... ok
test tools::schema_truthfulness_tests::plan_truncate_and_restart_appears_in_tools_list ... ok
test tools::worker_tools_subset_tests::analyst_tools_are_not_owned_by_legacy_remainder ... ok
test tools::worker_tools_subset_tests::worker_signal_tools_are_not_owned_by_legacy_remainder ... ok
test tools::schema_truthfulness_tests::code_graph_schemas_advertise_selector_legacy_symbol_and_ambiguity_mode ... ok

test result: ok. 47 passed; 0 failed; 0 ignored; 0 measured; 0 filtered out; finished in 0.00s

   Doc-tests spur_mcp

running 0 tests

test result: ok. 0 passed; 0 failed; 0 ignored; 0 measured; 0 filtered out; finished in 0.00s


--- sccache stats (spur/worktrees/s3-verify) ---
Compile requests                   3982
Compile requests executed          3300
Cache hits                         2835
Cache hits (Assembler)              139
Cache hits (C/C++)                 1109
Cache hits (Rust)                  1587
Cache misses                        453
Cache misses (Assembler)              5
Cache misses (C/C++)                 55
Cache misses (Rust)                 393
Cache hits rate                   86.22 %
Cache hits rate (Assembler)       96.53 %
Cache hits rate (C/C++)           95.27 %
Cache hits rate (Rust)            80.15 %
Cache timeouts                        0
Cache read errors                     0
Forced recaches                       0
Cache write errors                    0
Cache errors                          0
Compilations                        453
[build] Done. target lives at i-0406d803bae198035:/mnt/cargo/targets/spur/worktrees/s3-verify — use scripts/cloud-build/fetch.sh to pull artifacts.
[build] Remote build queue: released ticket 00000000000000000167.
######## PASS  [test-spur-mcp-1] rc=0 (361s) ########

######## START [test-spur-core-1] 13:16:44 ########
+ ./scripts/spur-cargo test -p spur-core
[spur-cargo] remote (test) → aws VM
[build] Worktree: spur/worktrees/s3-verify  (local=/Volumes/Projects/spur/.spur/worktrees/s3-verify)
[build] Remote:   ~/spur/worktrees/s3-verify   target=/mnt/cargo/targets/spur/worktrees/s3-verify   -j16
[build] Remote build queue: admitted as ticket 168 (slot 1/3).
[build] SSH transport: SSH-over-SSM (instance i-0406d803bae198035)
[build] Enumerating git-tracked files...
[build]   2658 files
[build] Syncing to i-0406d803bae198035:~/spur/worktrees/s3-verify ...
[build] Reconciling remote workspace (pruning locally-deleted files)...
[prune] no files removed locally since last sync
[build] Configuring remote git auth for private getspur/spur deps...
[build] Running: cargo --config build.rustflags=\[\"-Ctarget-cpu=neoverse-v1\"\,\"-Ctarget-feature=+lse\"\,\"-Clinker=clang\"\,\"-Clink-arg=-fuse-ld=/mnt/cargo/rust-lld-driver/ld.lld\"\] test -p spur-core  -j16  provider-rustflags=-Ctarget-cpu=neoverse-v1 -Ctarget-feature=+lse -Clinker=clang -Clink-arg=-fuse-ld=/mnt/cargo/rust-lld-driver/ld.lld
[build] No source content delta; capturing cargo output on VM (set SPUR_CAPTURE_FRESH_CARGO_OUTPUT=0 to stream).
[build] Remote build queue: released ticket 00000000000000000168.
[spur-cargo] remote cargo exited 255 on aws — propagating (not a VM-availability issue)
######## FAIL  [test-spur-core-1] rc=255 (789s) ########
----- tail of [test-spur-core-1] -----

@@@@@@@@ SEQUENCE DONE overall_rc=255 @@@@@@@@
@@@@@@@@ 13:29:53 @@@@@@@@
